Workbook

Sheet REMINDERS
A1: TREES | B1: STANDARD NUMBER OF TREES PER HECTARE | C1: PLANTING DISTANCE | E1: CROPS | F1: STANDARD NUMBER OF PLANTS PER HECTARE | G1: PLANTING DISTANCE
A2: COFFEE AND CACAO | B2: 1000 | C2: 3 X 3 | E2: AMPALAYA | F2: 3000 | G2: 1 X 3 / 0.5 X 3
A3: MANGO | B3: 53 TREES | E3: EGGPLANT | F3: 13000 | G3: 60 cm x 70 cm
A4: PAPAYA (RED LADY) | B4: 1000 | C4: 3 X 3 (2.5 X 2.5) | E4: SQUASH | F4: 3000 | G4: 1 X 3
A5: BANANA (SABA) | B5: 625 | E5: TOMATO | F5: 13000 | G5: 60 cm x 70 cm
A6: BANANA (LAKATAN) | B6: 1000 | C6: 3 X 3 | E6: OKRA | F6: 13000 | G6: 60 cm x 70 cm
A7: CALAMANSI | B7: 1000 | C7: 3 X 3 (1111) | E7: STRINGBEANS | F7: 10000 | G7: 0.5 X 1
A8: CASHEW | B8: 200 | C8: 7 X 7 | E8: HOT PEPPER | F8: 13000 | G8: 60 cm x 70 cm
A9: DRAGON FRUIT | B9: 1000 | C9: 3 X 3 | E9: PECHAY | F9: 200000 | G9: .25 cm X .25cm
A10: CHICO | B10: 100 | C10: 10 X 10 | E10: PATOLA | F10: 3000 | G10: 1 X 3 / 0.5 X 3
A11: JACKFRUIT | B11: 100 | C11: 10 X 10 | E11: UPO | F11: 3000 | G11: 1 X 3 / 0.5 X 3
A12: DURIAN | B12: 100 | C12: 10 X 10 | E12: CUCUMBER | F12: 10000 | G12: 0.5 X 1
A13: LANZONES | B13: 100 | C13: 10 X 10 | E13: LETTUCE | F13: 200000 | G13: .25 cm X .25cm
A14: RAMBUTAN | B14: 100 | C14: 10 X 10 | E14: WINGEDBEAN | F14: 10000 | G14: 0.5 X 1
A15: MONGOSTEEN | B15: 100 | C15: 10 X 10
A16: GUYABANO | B16: 100 | C16: 10 X 10
A17: AVOCADO | B17: 100 | C17: 10 X 10
A18: BATUAN | B18: 100 | C18: 10 X 10
A19: TAMARIND | B19: 100 | C19: 10 X 10
A20: BAMBOO | B20: 50 | C20: 20 X 20

Sheet Consolidatio Region VI
K1: HARVEST | L1: AREA HARVESTED | M1: AREA PLANTED | BA1: HARVEST | BB1: AREA HARVESTED | BC1: AREA PLANTED | EY1: HARVEST | EZ1: AREA HARVESTED | FA1: AREA PLANTED
D2: =NOW() -> 46092.506 | J2: JANUARY | K2: =SUM(P19+AE19+AT19) -> #REF! | L2: =SUM(O19+AD19+AS19) -> #REF! | M2: =SUM(N19+AC19+AR19) -> #REF! | AY2: COFFEE | AZ2: JANUARY | BA2: =SUM(BI19+BX19+CM19) -> #REF! | BB2: =SUM(BH19+BW19+CL19) -> #REF! | BC2: =SUM(BG19+BV19+CK19) -> #REF! | EX2: JANUARY | EY2: =SUM(FJ19+FY19+GN19) -> #REF! | EZ2: =SUM(FI19+FX19+GM19) -> #REF! | FA2: =SUM(FH19+FW19+GL19) -> #REF! | FB2: BANANA
J3: FEBRUARY | K3: =SUM(P20+AE20+AT20) -> #REF! | L3: =SUM(O20+AD20+AS20) -> #REF! | M3: =SUM(N20+AC20+AR20) -> #REF! | AZ3: FEBRUARY | BA3: =SUM(BI20+BX20+CM20) -> #REF! | BB3: =SUM(BH20+BW20+CL20) -> #REF! | BC3: =SUM(BG20+BV20+CK20) -> #REF! | EX3: FEBRUARY | EY3: =SUM(FJ20+FY20+GN20) -> #REF! | EZ3: =SUM(FI20+FX20+GM20) -> #REF! | FA3: =SUM(FH20+FW20+GL20) -> #REF!
I4: CACAO | J4: MARCH | K4: =SUM(P21+AE21+AT21) -> #REF! | L4: =SUM(O21+AD21+AS21) -> #REF! | M4: =SUM(N21+AC21+AR21) -> #REF! | AZ4: MARCH | BA4: =SUM(BI21+BX21+CM21) -> #REF! | BB4: =SUM(BH21+BW21+CL21) -> #REF! | BC4: =SUM(BG21+BV21+CK21) -> #REF! | EX4: MARCH | EY4: =SUM(FJ21+FY21+GN21) -> #REF! | EZ4: =SUM(FI21+FX21+GM21) -> #REF! | FA4: =SUM(FH21+FW21+GL21) -> #REF!
J5: APRIL | K5: =SUM(P22+AE22+AT22) -> #REF! | L5: =SUM(O22+AD22+AS22) -> #REF! | M5: =SUM(N22+AC22+AR22) -> #REF! | AZ5: APRIL | BA5: =SUM(BI22+BX22+CM22) -> #REF! | BB5: =SUM(BH22+BW22+CL22) -> #REF! | BC5: =SUM(BG22+BV22+CK22) -> #REF! | EX5: APRIL | EY5: =SUM(FJ22+FY22+GN22) -> #REF! | EZ5: =SUM(FI22+FX22+GM22) -> #REF! | FA5: =SUM(FH22+FW22+GL22) -> #REF!
J6: MAY | K6: =SUM(P23+AE23+AT23) -> #REF! | L6: =SUM(O23+AD23+AS23) -> #REF! | M6: =SUM(N23+AC23+AR23) -> #REF! | AZ6: MAY | BA6: =SUM(BI23+BX23+CM23) -> #REF! | BB6: =SUM(BH23+BW23+CL23) -> #REF! | BC6: =SUM(BG23+BV23+CK23) -> #REF! | EX6: MAY | EY6: =SUM(FJ23+FY23+GN23) -> #REF! | EZ6: =SUM(FI23+FX23+GM23) -> #REF! | FA6: =SUM(FH23+FW23+GL23) -> #REF!
J7: JUNE | K7: =SUM(P24+AE24+AT24) -> #REF! | L7: =SUM(O24+AD24+AS24) -> #REF! | M7: =SUM(N24+AC24+AR24) -> #REF! | AZ7: JUNE | BA7: =SUM(BI24+BX24+CM24) -> #REF! | BB7: =SUM(BH24+BW24+CL24) -> #REF! | BC7: =SUM(BG24+BV24+CK24) -> #REF! | EX7: JUNE | EY7: =SUM(FJ24+FY24+GN24) -> #REF! | EZ7: =SUM(FI24+FX24+GM24) -> #REF! | FA7: =SUM(FH24+FW24+GL24) -> #REF!
J8: JULY | K8: =SUM(P25+AE25+AT25) -> #REF! | L8: =SUM(O25+AD25+AS25) -> #REF! | M8: =SUM(N25+AC25+AR25) -> #REF! | AZ8: JULY | BA8: =SUM(BI25+BX25+CM25) -> #REF! | BB8: =SUM(BH25+BW25+CL25) -> #REF! | BC8: =SUM(BG25+BV25+CK25) -> #REF! | EX8: JULY | EY8: =SUM(FJ25+FY25+GN25) -> #REF! | EZ8: =SUM(FI25+FX25+GM25) -> #REF! | FA8: =SUM(FH25+FW25+GL25) -> #REF!
J9: AUGUST | K9: =SUM(P26+AE26+AT26) -> #REF! | L9: =SUM(O26+AD26+AS26) -> #REF! | M9: =SUM(N26+AC26+AR26) -> #REF! | AZ9: AUGUST | BA9: =SUM(BI26+BX26+CM26) -> #REF! | BB9: =SUM(BH26+BW26+CL26) -> #REF! | BC9: =SUM(BG26+BV26+CK26) -> #REF! | EX9: AUGUST | EY9: =SUM(FJ26+FY26+GN26) -> #REF! | EZ9: =SUM(FI26+FX26+GM26) -> #REF! | FA9: =SUM(FH26+FW26+GL26) -> #REF!
J10: SEPTEMBER | K10: =SUM(P27+AE27+AT27) -> #REF! | L10: =SUM(O27+AD27+AS27) -> #REF! | M10: =SUM(N27+AC27+AR27) -> #REF! | AZ10: SEPTEMBER | BA10: =SUM(BI27+BX27+CM27) -> #REF! | BB10: =SUM(BH27+BW27+CL27) -> #REF! | BC10: =SUM(BG27+BV27+CK27) -> #REF! | EX10: SEPTEMBER | EY10: =SUM(FJ27+FY27+GN27) -> #REF! | EZ10: =SUM(FI27+FX27+GM27) -> #REF! | FA10: =SUM(FH27+FW27+GL27) -> #REF!
J11: OCTOBER | K11: =SUM(P28+AE28+AT28) -> #REF! | L11: =SUM(O28+AD28+AS28) -> #REF! | M11: =SUM(N28+AC28+AR28) -> #REF! | AZ11: OCTOBER | BA11: =SUM(BI28+BX28+CM28) -> #REF! | BB11: =SUM(BH28+BW28+CL28) -> #REF! | BC11: =SUM(BG28+BV28+CK28) -> #REF! | EX11: OCTOBER | EY11: =SUM(FJ28+FY28+GN28) -> #REF! | EZ11: =SUM(FI28+FX28+GM28) -> #REF! | FA11: =SUM(FH28+FW28+GL28) -> #REF!
J12: NOVEMBER | K12: =SUM(P29+AE29+AT29) -> #REF! | L12: =SUM(O29+AD29+AS29) -> #REF! | M12: =SUM(N29+AC29+AR29) -> #REF! | AZ12: NOVEMBER | BA12: =SUM(BI29+BX29+CM29) -> #REF! | BB12: =SUM(BH29+BW29+CL29) -> #REF! | BC12: =SUM(BG29+BV29+CK29) -> #REF! | EX12: NOVEMBER | EY12: =SUM(FJ29+FY29+GN29) -> #REF! | EZ12: =SUM(FI29+FX29+GM29) -> #REF! | FA12: =SUM(FH29+FW29+GL29) -> #REF!
J13: DECEMBER | K13: =SUM(P30+AE30+AT30) -> #REF! | L13: =SUM(O30+AD30+AS30) -> #REF! | M13: =SUM(N30+AC30+AR30) -> #REF! | AZ13: DECEMBER | BA13: =SUM(BI30+BX30+CM30) -> #REF! | BB13: =SUM(BH30+BW30+CL30) -> #REF! | BC13: =SUM(BG30+BV30+CK30) -> #REF! | EX13: DECEMBER | EY13: =SUM(FJ30+FY30+GN30) -> #REF! | EZ13: =SUM(FI30+FX30+GM30) -> #REF! | FA13: =SUM(FH30+FW30+GL30) -> #REF!
B14: PROVINCE / MUNICIPALITY | C14: MONTH | D14: I N D U S T R I A L C R O P S I N D U S T R I A L C R O P S I N D U S T R I A L C R O P S | Z14: I N D U S T R I A L C R O P S I N D U S T R I A L C R O P S I N D U S T R I A L C R O P S | AU14: I N D U S T R I A L C R O P S I N D U S T R I A L C R O P S I N D U S T R I A L C R O P S | BI14: I N D U S T R I A L C R O P S I N D U S T R I A L C R O P S I N D U S T R I A L C R O P S | CF14: I N D U S T R I A L C R O P S I N D U S T R I A L C R O P S | CZ14: I N D U S T R I A L C R O P S I N D U S T R I A L C R O P S I N D U S T R I A L C R O P S | DT14: P L A N T A T I O N C R O P S P L A N T A T I O N C R O P S P L A N T A T I O N | ER14: P L A N T A T I O N C R O P S P L A N T A T I O N C R O P S P L A N T A T I O N | FS14: P L A N T A T I O N C R O P S P L A N T A T I O N C R O P S P L A N T A T I O N | GT14: P L A N T A T I O N C R O P S P L A N T A T I O N C R O P S P L A N T A T I O N | HS14: P L A N T A T I O N C R O P S P L A N T A T I O N C R O P S P L A N T A T I O N | IS14: P L A N T A T I O N C R O P S P L A N T A T I O N C R O P S P L A N T A T I O N | JS14: P L A N T A T I O N C R O P S | KC14: F R U I T T R E E S F R U I T T R E E S F R U I T T R E E S F R U I T T R E E S | LD14: F R U I T T R E E S F R U I T T R E E S F R U I T T R E E S F R U I T T R E E S | MF14: F R U I T T R E E S F R U I T T R E E S F R U I T T R E E S F R U I T T R E E S | NH14: F R U I T T R E E S F R U I T T R E E S F R U I T T R E E S F R U I T T R E E S | OK14: F R U I T T R E E S F R U I T T R E E S F R U I T T R E E S F R U I T T R E E S | PO14: F R U I T T R E E S F R U I T T R E E S F R U I T T R E E S | QL14: O T H E R S O T H E R S O T H E R S O T H E R S O T H E R S O T H E R S O T H E R S | RR14: O T H E R S O T H E R S O T H E R S O T H E R S O T H E R S O T H E R S O T H E R S | SV14: O T H E R S O T H E R S O T H E R S O T H E R S O T H E R S O T H E R S O T H E R S | TZ14: O T H E R S O T H E R S O T H E R S O T H E R S O T H E R S O T H E R S O T H E R S | VB14: O T H E R S O T H E R S O T H E R S O T H E R S O T H E R S O T H E R S O T H E R S
D15: CACAO - CRIOLLO | S15: CACAO FORASTERO | AH15: CACAO - TRINITARIO | AW15: COFFEE - ARABICA | BL15: COFFEE - LIBERICA | CA15: COFFEE - ROBUSTA | CP15: CASHEW | DE15: DURIAN | DT15: MANGO - CARABAO | EI15: MANGO - INDIAN | EX15: BANANA - LAKATAN | FM15: BANANA - SABA | GB15: BANANA - LATUNDAN | GQ15: PINEAPPLE | HF15: PAPAYA | HU15: CALAMANSI | IJ15: DRAGON FRUIT | IY15: WATERMELON | JN15: SUGARCANE | KC15: LANZONES | KR15: RAMBUTAN | LG15: MANGOSTEEN | LV15: GUYABANO | MK15: JACKFRUIT | MZ15: AVOCADO | NO15: MARANG | OD15: POMELO | OS15: GUAVA | PH15: STAR APPLE | PW15: SANTOL | QL15: CHICO | RA15: TAMARIND | RP15: BAMBOO | SE15: BATUAN | ST15: COCONUT | TI15: MUSK MELON | TX15: COTTON | UM15: LEMON | VB15: ABACA | VQ15: KAMATSILE
D16: NUMBER OF FARMERS | F16: TOTAL | G16: NUMBER OF TREES | J16: TOTAL | K16: NEWLY PLANTED (HA) | L16: EXISTING AREA PLANTED (HA) | M16: MORTALITY RATE (HA) | N16: TOTAL AREA PLANTED (HA) | O16: AREA HARVESTED (HA) | P16: VOLUME OF PRODUCTION (MT) | Q16: REMARKS | S16: NUMBER OF FARMERS | U16: TOTAL | V16: NUMBER OF TREES | Y16: TOTAL | Z16: NEWLY PLANTED (HA) | AA16: EXISTING AREA PLANTED (HA) | AB16: MORTALITY RATE (HA) | AC16: TOTAL AREA PLANTED (HA) | AD16: AREA HARVESTED (HA) | AE16: VOLUME OF PRODUCTION (MT) | AF16: REMARKS | AH16: NUMBER OF FARMERS | AJ16: TOTAL | AK16: NUMBER OF TREES | AN16: TOTAL | AO16: NEWLY PLANTED (HA) | AP16: EXISTING AREA PLANTED (HA) | AQ16: MORTALITY RATE (HA) | AR16: TOTAL AREA PLANTED (HA) | AS16: AREA HARVESTED (HA) | AT16: VOLUME OF PRODUCTION (MT) | AU16: REMARKS | AW16: NUMBER OF FARMERS | AY16: TOTAL | AZ16: NUMBER OF TREES | BC16: TOTAL | BD16: NEWLY PLANTED (HA) | BE16: EXISTING AREA PLANTED (HA) | BF16: MORTALITY RATE (HA) | BG16: TOTAL AREA PLANTED (HA) | BH16: AREA HARVESTED (HA) | BI16: VOLUME OF PRODUCTION (MT) | BJ16: REMARKS | BL16: NUMBER OF FARMERS | BN16: TOTAL | BO16: NUMBER OF TREES | BR16: TOTAL | BS16: NEWLY PLANTED (HA) | BT16: EXISTING AREA PLANTED (HA) | BU16: MORTALITY RATE (HA) | BV16: TOTAL AREA PLANTED (HA) | BW16: AREA HARVESTED (HA) | BX16: VOLUME OF PRODUCTION (MT) | BY16: REMARKS | CA16: NUMBER OF FARMERS | CC16: TOTAL | CD16: NUMBER OF TREES | CG16: TOTAL | CH16: NEWLY PLANTED (HA) | CI16: EXISTING AREA PLANTED (HA) | CJ16: MORTALITY RATE (HA) | CK16: TOTAL AREA PLANTED (HA) | CL16: AREA HARVESTED (HA) | CM16: VOLUME OF PRODUCTION (MT) | CN16: REMARKS | CP16: NUMBER OF FARMERS | CR16: TOTAL | CS16: NUMBER OF TREES | CV16: TOTAL | CW16: NEWLY PLANTED (HA) | CX16: EXISTING AREA PLANTED (HA) | CY16: MORTALITY RATE (HA) | CZ16: TOTAL AREA PLANTED (HA) | DA16: AREA HARVESTED (HA) | DB16: VOLUME OF PRODUCTION (MT) | DC16: REMARKS | DE16: NUMBER OF FARMERS | DG16: TOTAL | DH16: NUMBER OF TREES | DK16: TOTAL | DL16: NEWLY PLANTED (HA) | DM16: EXISTING AREA PLANTED (HA) | DN16: MORTALITY RATE (HA) | DO16: TOTAL AREA PLANTED (HA) | DP16: AREA HARVESTED (HA) | DQ16: VOLUME OF PRODUCTION (MT) | DR16: REMARKS | DT16: NUMBER OF FARMERS | DV16: TOTAL | DW16: NUMBER OF TREES | DZ16: TOTAL | EA16: NEWLY PLANTED (HA) | EB16: EXISTING AREA PLANTED (HA) | EC16: MORTALITY RATE (HA) | ED16: TOTAL AREA PLANTED (HA) | EE16: AREA HARVESTED (HA) | EF16: VOLUME OF PRODUCTION (MT) | EG16: REMARKS | EI16: NUMBER OF FARMERS | EK16: TOTAL | EL16: NUMBER OF TREES | EO16: TOTAL | EP16: NEWLY PLANTED (HA) | EQ16: EXISTING AREA PLANTED (HA) | ER16: MORTALITY RATE (HA) | ES16: TOTAL AREA PLANTED (HA) | ET16: AREA HARVESTED (HA) | EU16: VOLUME OF PRODUCTION (MT) | EV16: REMARKS | EX16: NUMBER OF FARMERS | EZ16: TOTAL | FA16: NUMBER OF TREES | FD16: TOTAL | FE16: NEWLY PLANTED (HA) | FF16: EXISTING AREA PLANTED (HA) | FG16: MORTALITY RATE (HA) | FH16: TOTAL AREA PLANTED (HA) | FI16: AREA HARVESTED (HA) | FJ16: VOLUME OF PRODUCTION (MT) | FK16: REMARKS | FM16: NUMBER OF FARMERS | FO16: TOTAL | FP16: NUMBER OF TREES | FS16: TOTAL | FT16: NEWLY PLANTED (HA) | FU16: EXISTING AREA PLANTED (HA) | FV16: MORTALITY RATE (HA) | FW16: TOTAL AREA PLANTED (HA) | FX16: AREA HARVESTED (HA) | FY16: VOLUME OF PRODUCTION (MT) | FZ16: REMARKS | GB16: NUMBER OF FARMERS | GD16: TOTAL | GE16: NUMBER OF TREES | GH16: TOTAL | GI16: NEWLY PLANTED (HA) | GJ16: EXISTING AREA PLANTED (HA) | GK16: MORTALITY RATE (HA) | GL16: TOTAL AREA PLANTED (HA) | GM16: AREA HARVESTED (HA) | GN16: VOLUME OF PRODUCTION (MT) | GO16: REMARKS | GQ16: NUMBER OF FARMERS | GS16: TOTAL | GT16: NUMBER OF TREES | GW16: TOTAL | GX16: NEWLY PLANTED (HA) | GY16: EXISTING AREA PLANTED (HA) | GZ16: MORTALITY RATE (HA) | HA16: TOTAL AREA PLANTED (HA) | HB16: AREA HARVESTED (HA) | HC16: VOLUME OF PRODUCTION (MT) | HD16: REMARKS | HF16: NUMBER OF FARMERS | HH16: TOTAL | HI16: NUMBER OF TREES | HL16: TOTAL | HM16: NEWLY PLANTED (HA) | HN16: EXISTING AREA PLANTED (HA) | HO16: MORTALITY RATE (HA) | HP16: TOTAL AREA PLANTED (HA) | HQ16: AREA HARVESTED (HA) | HR16: VOLUME OF PRODUCTION (MT) | HS16: REMARKS | HU16: NUMBER OF FARMERS | HW16: TOTAL | HX16: NUMBER OF TREES | IA16: TOTAL | IB16: NEWLY PLANTED (HA) | IC16: EXISTING AREA PLANTED (HA) | ID16: MORTALITY RATE (HA) | IE16: TOTAL AREA PLANTED (HA) | IF16: AREA HARVESTED (HA) | IG16: VOLUME OF PRODUCTION (MT) | IH16: REMARKS | IJ16: NUMBER OF FARMERS | IL16: TOTAL | IM16: NUMBER OF TREES | IP16: TOTAL | IQ16: NEWLY PLANTED (HA) | IR16: EXISTING AREA PLANTED (HA) | IS16: MORTALITY RATE (HA) | IT16: TOTAL AREA PLANTED (HA) | IU16: AREA HARVESTED (HA) | IV16: VOLUME OF PRODUCTION (MT) | IW16: REMARKS | IY16: NUMBER OF FARMERS | JA16: TOTAL | JB16: NUMBER OF TREES | JE16: TOTAL | JF16: NEWLY PLANTED (HA) | JG16: EXISTING AREA PLANTED (HA) | JH16: MORTALITY RATE (HA) | JI16: TOTAL AREA PLANTED (HA) | JJ16: AREA HARVESTED (HA) | JK16: VOLUME OF PRODUCTION (MT) | JL16: REMARKS | JN16: NUMBER OF FARMERS | JP16: TOTAL | JQ16: NUMBER OF TREES | JT16: TOTAL | JU16: NEWLY PLANTED (HA) | JV16: EXISTING AREA PLANTED (HA) | JW16: MORTALITY RATE (HA) | JX16: TOTAL AREA PLANTED (HA) | JY16: AREA HARVESTED (HA) | JZ16: VOLUME OF PRODUCTION (MT) | KA16: REMARKS | KC16: NUMBER OF FARMERS | KE16: TOTAL | KF16: NUMBER OF TREES | KI16: TOTAL | KJ16: NEWLY PLANTED (HA) | KK16: EXISTING AREA PLANTED (HA) | KL16: MORTALITY RATE (HA) | KM16: TOTAL AREA PLANTED (HA) | KN16: AREA HARVESTED (HA) | KO16: VOLUME OF PRODUCTION (MT) | KP16: REMARKS | KR16: NUMBER OF FARMERS | KT16: TOTAL | KU16: NUMBER OF TREES | KX16: TOTAL | KY16: NEWLY PLANTED (HA) | KZ16: EXISTING AREA PLANTED (HA) | LA16: MORTALITY RATE (HA) | LB16: TOTAL AREA PLANTED (HA) | LC16: AREA HARVESTED (HA) | LD16: VOLUME OF PRODUCTION (MT) | LE16: REMARKS | LG16: NUMBER OF FARMERS | LI16: TOTAL | LJ16: NUMBER OF TREES | LM16: TOTAL | LN16: NEWLY PLANTED (HA) | LO16: EXISTING AREA PLANTED (HA) | LP16: MORTALITY RATE (HA) | LQ16: TOTAL AREA PLANTED (HA) | LR16: AREA HARVESTED (HA) | LS16: VOLUME OF PRODUCTION (MT) | LT16: REMARKS | LV16: NUMBER OF FARMERS | LX16: TOTAL | LY16: NUMBER OF TREES | MB16: TOTAL | MC16: NEWLY PLANTED (HA) | MD16: EXISTING AREA PLANTED (HA) | ME16: MORTALITY RATE (HA) | MF16: TOTAL AREA PLANTED (HA) | MG16: AREA HARVESTED (HA) | MH16: VOLUME OF PRODUCTION (MT) | MI16: REMARKS | MK16: NUMBER OF FARMERS | MM16: TOTAL | MN16: NUMBER OF TREES | MQ16: TOTAL | MR16: NEWLY PLANTED (HA) | MS16: EXISTING AREA PLANTED (HA) | MT16: MORTALITY RATE (HA) | MU16: TOTAL AREA PLANTED (HA) | MV16: AREA HARVESTED (HA) | MW16: VOLUME OF PRODUCTION (MT) | MX16: REMARKS | MZ16: NUMBER OF FARMERS | NB16: TOTAL | NC16: NUMBER OF TREES | NF16: TOTAL | NG16: NEWLY PLANTED (HA) | NH16: EXISTING AREA PLANTED (HA) | NI16: MORTALITY RATE (HA) | NJ16: TOTAL AREA PLANTED (HA) | NK16: AREA HARVESTED (HA) | NL16: VOLUME OF PRODUCTION (MT) | NM16: REMARKS | NO16: NUMBER OF FARMERS | NQ16: TOTAL | NR16: NUMBER OF TREES | NU16: TOTAL | NV16: NEWLY PLANTED (HA) | NW16: EXISTING AREA PLANTED (HA) | NX16: MORTALITY RATE (HA) | NY16: TOTAL AREA PLANTED (HA) | NZ16: AREA HARVESTED (HA) | OA16: VOLUME OF PRODUCTION (MT) | OB16: REMARKS | OD16: NUMBER OF FARMERS | OF16: TOTAL | OG16: NUMBER OF TREES | OJ16: TOTAL | OK16: NEWLY PLANTED (HA) | OL16: EXISTING AREA PLANTED (HA) | OM16: MORTALITY RATE (HA) | ON16: TOTAL AREA PLANTED (HA) | OO16: AREA HARVESTED (HA) | OP16: VOLUME OF PRODUCTION (MT) | OQ16: REMARKS | OS16: NUMBER OF FARMERS | OU16: TOTAL | OV16: NUMBER OF TREES | OY16: TOTAL | OZ16: NEWLY PLANTED (HA) | PA16: EXISTING AREA PLANTED (HA) | PB16: MORTALITY RATE (HA) | PC16: TOTAL AREA PLANTED (HA) | PD16: AREA HARVESTED (HA) | PE16: VOLUME OF PRODUCTION (MT) | PF16: REMARKS | PH16: NUMBER OF FARMERS | PJ16: TOTAL | PK16: NUMBER OF TREES | PN16: TOTAL | PO16: NEWLY PLANTED (HA) | PP16: EXISTING AREA PLANTED (HA) | PQ16: MORTALITY RATE (HA) | PR16: TOTAL AREA PLANTED (HA) | PS16: AREA HARVESTED (HA) | PT16: VOLUME OF PRODUCTION (MT) | PU16: REMARKS | PW16: NUMBER OF FARMERS | PY16: TOTAL | PZ16: NUMBER OF TREES | QC16: TOTAL | QD16: NEWLY PLANTED (HA) | QE16: EXISTING AREA PLANTED (HA) | QF16: MORTALITY RATE (HA) | QG16: TOTAL AREA PLANTED (HA) | QH16: AREA HARVESTED (HA) | QI16: VOLUME OF PRODUCTION (MT) | QJ16: REMARKS | QL16: NUMBER OF FARMERS | QN16: TOTAL | QO16: NUMBER OF TREES | QR16: TOTAL | QS16: NEWLY PLANTED (HA) | QT16: EXISTING AREA PLANTED (HA) | QU16: MORTALITY RATE (HA) | QV16: TOTAL AREA PLANTED (HA) | QW16: AREA HARVESTED (HA) | QX16: VOLUME OF PRODUCTION (MT) | QY16: REMARKS | RA16: NUMBER OF FARMERS | RC16: TOTAL | RD16: NUMBER OF TREES | RG16: TOTAL | RH16: NEWLY PLANTED (HA) | RI16: EXISTING AREA PLANTED (HA) | RJ16: MORTALITY RATE (HA) | RK16: TOTAL AREA PLANTED (HA) | RL16: AREA HARVESTED (HA) | RM16: VOLUME OF PRODUCTION (MT) | RN16: REMARKS | RP16: NUMBER OF FARMERS | RR16: TOTAL | RS16: NUMBER OF TREES | RV16: TOTAL | RW16: NEWLY PLANTED (HA) | RX16: EXISTING AREA PLANTED (HA) | RY16: MORTALITY RATE (HA) | RZ16: TOTAL AREA PLANTED (HA) | SA16: AREA HARVESTED (HA) | SB16: VOLUME OF PRODUCTION (MT) | SC16: REMARKS | SE16: NUMBER OF FARMERS | SG16: TOTAL | SH16: NUMBER OF TREES | SK16: TOTAL | SL16: NEWLY PLANTED (HA) | SM16: EXISTING AREA PLANTED (HA) | SN16: MORTALITY RATE (HA) | SO16: TOTAL AREA PLANTED (HA) | SP16: AREA HARVESTED (HA) | SQ16: VOLUME OF PRODUCTION (MT) | SR16: REMARKS | ST16: NUMBER OF FARMERS | SV16: TOTAL | SW16: NUMBER OF TREES | SZ16: TOTAL | TA16: NEWLY PLANTED (HA) | TB16: EXISTING AREA PLANTED (HA) | TC16: MORTALITY RATE (HA) | TD16: TOTAL AREA PLANTED (HA) | TE16: AREA HARVESTED (HA) | TF16: VOLUME OF PRODUCTION (MT) | TG16: REMARKS | TI16: NUMBER OF FARMERS | TK16: TOTAL | TL16: NUMBER OF TREES | TO16: TOTAL | TP16: NEWLY PLANTED (HA) | TQ16: EXISTING AREA PLANTED (HA) | TR16: MORTALITY RATE (HA) | TS16: TOTAL AREA PLANTED (HA) | TT16: AREA HARVESTED (HA) | TU16: VOLUME OF PRODUCTION (MT) | TV16: REMARKS | TX16: NUMBER OF FARMERS | TZ16: TOTAL | UA16: NUMBER OF TREES | UD16: TOTAL | UE16: NEWLY PLANTED (HA) | UF16: EXISTING AREA PLANTED (HA) | UG16: MORTALITY RATE (HA) | UH16: TOTAL AREA PLANTED (HA) | UI16: AREA HARVESTED (HA) | UJ16: VOLUME OF PRODUCTION (MT) | UK16: REMARKS | UM16: NUMBER OF FARMERS | UO16: TOTAL | UP16: NUMBER OF TREES | US16: TOTAL | UT16: NEWLY PLANTED (HA) | UU16: EXISTING AREA PLANTED (HA) | UV16: MORTALITY RATE (HA) | UW16: TOTAL AREA PLANTED (HA) | UX16: AREA HARVESTED (HA) | UY16: VOLUME OF PRODUCTION (MT) | UZ16: REMARKS | VB16: NUMBER OF FARMERS | VD16: TOTAL | VE16: NUMBER OF TREES | VH16: TOTAL | VI16: NEWLY PLANTED (HA) | VJ16: EXISTING AREA PLANTED (HA) | VK16: MORTALITY RATE (HA) | VL16: TOTAL AREA PLANTED (HA) | VM16: AREA HARVESTED (HA) | VN16: VOLUME OF PRODUCTION (MT) | VO16: REMARKS | VQ16: NUMBER OF FARMERS | VS16: TOTAL | VT16: NUMBER OF TREES | VW16: TOTAL | VX16: NEWLY PLANTED (HA) | VY16: EXISTING AREA PLANTED (HA) | VZ16: MORTALITY RATE (HA) | WA16: TOTAL AREA PLANTED (HA) | WB16: AREA HARVESTED (HA) | WC16: VOLUME OF PRODUCTION (MT) | WD16: REMARKS
D17: MALE | E17: FEMALE | G17: BEARING | H17: NON-BEARING | I17: MORTALITY | S17: MALE | T17: FEMALE | V17: BEARING | W17: NON-BEARING | X17: MORTALITY | AH17: MALE | AI17: FEMALE | AK17: BEARING | AL17: NON-BEARING | AM17: MORTALITY | AW17: MALE | AX17: FEMALE | AZ17: BEARING | BA17: NON-BEARING | BB17: MORTALITY | BL17: MALE | BM17: FEMALE | BO17: BEARING | BP17: NON-BEARING | BQ17: MORTALITY | CA17: MALE | CB17: FEMALE | CD17: BEARING | CE17: NON-BEARING | CF17: MORTALITY | CP17: MALE | CQ17: FEMALE | CS17: BEARING | CT17: NON-BEARING | CU17: MORTALITY | DE17: MALE | DF17: FEMALE | DH17: BEARING | DI17: NON-BEARING | DJ17: MORTALITY | DT17: MALE | DU17: FEMALE | DW17: BEARING | DX17: NON-BEARING | DY17: MORTALITY | EI17: MALE | EJ17: FEMALE | EL17: BEARING | EM17: NON-BEARING | EN17: MORTALITY | EX17: MALE | EY17: FEMALE | FA17: BEARING | FB17: NON-BEARING | FC17: MORTALITY | FM17: MALE | FN17: FEMALE | FP17: BEARING | FQ17: NON-BEARING | FR17: MORTALITY | GB17: MALE | GC17: FEMALE | GE17: BEARING | GF17: NON-BEARING | GG17: MORTALITY | GQ17: MALE | GR17: FEMALE | GT17: BEARING | GU17: NON-BEARING | GV17: MORTALITY | HF17: MALE | HG17: FEMALE | HI17: BEARING | HJ17: NON-BEARING | HK17: MORTALITY | HU17: MALE | HV17: FEMALE | HX17: BEARING | HY17: NON-BEARING | HZ17: MORTALITY | IJ17: MALE | IK17: FEMALE | IM17: BEARING | IN17: NON-BEARING | IO17: MORTALITY | IY17: MALE | IZ17: FEMALE | JB17: BEARING | JC17: NON-BEARING | JD17: MORTALITY | JN17: MALE | JO17: FEMALE | JQ17: BEARING | JR17: NON-BEARING | JS17: MORTALITY | KC17: MALE | KD17: FEMALE | KF17: BEARING | KG17: NON-BEARING | KH17: MORTALITY | KR17: MALE | KS17: FEMALE | KU17: BEARING | KV17: NON-BEARING | KW17: MORTALITY | LG17: MALE | LH17: FEMALE | LJ17: BEARING | LK17: NON-BEARING | LL17: MORTALITY | LV17: MALE | LW17: FEMALE | LY17: BEARING | LZ17: NON-BEARING | MA17: MORTALITY | MK17: MALE | ML17: FEMALE | MN17: BEARING | MO17: NON-BEARING | MP17: MORTALITY | MZ17: MALE | NA17: FEMALE | NC17: BEARING | ND17: NON-BEARING | NE17: MORTALITY | NO17: MALE | NP17: FEMALE | NR17: BEARING | NS17: NON-BEARING | NT17: MORTALITY | OD17: MALE | OE17: FEMALE | OG17: BEARING | OH17: NON-BEARING | OI17: MORTALITY | OS17: MALE | OT17: FEMALE | OV17: BEARING | OW17: NON-BEARING | OX17: MORTALITY | PH17: MALE | PI17: FEMALE | PK17: BEARING | PL17: NON-BEARING | PM17: MORTALITY | PW17: MALE | PX17: FEMALE | PZ17: BEARING | QA17: NON-BEARING | QB17: MORTALITY | QL17: MALE | QM17: FEMALE | QO17: BEARING | QP17: NON-BEARING | QQ17: MORTALITY | RA17: MALE | RB17: FEMALE | RD17: BEARING | RE17: NON-BEARING | RF17: MORTALITY | RP17: MALE | RQ17: FEMALE | RS17: BEARING | RT17: NON-BEARING | RU17: MORTALITY | SE17: MALE | SF17: FEMALE | SH17: BEARING | SI17: NON-BEARING | SJ17: MORTALITY | ST17: MALE | SU17: FEMALE | SW17: BEARING | SX17: NON-BEARING | SY17: MORTALITY | TI17: MALE | TJ17: FEMALE | TL17: BEARING | TM17: NON-BEARING | TN17: MORTALITY | TX17: MALE | TY17: FEMALE | UA17: BEARING | UB17: NON-BEARING | UC17: MORTALITY | UM17: MALE | UN17: FEMALE | UP17: BEARING | UQ17: NON-BEARING | UR17: MORTALITY | VB17: MALE | VC17: FEMALE | VE17: BEARING | VF17: NON-BEARING | VG17: MORTALITY | VQ17: MALE | VR17: FEMALE | VT17: BEARING | VU17: NON-BEARING | VV17: MORTALITY
D18: =SUBTOTAL(9,D19:D30) -> #REF! | E18: =SUBTOTAL(9,E19:E30) -> #REF! | F18: =SUBTOTAL(9,F19:F30) -> #REF! | G18: =SUBTOTAL(9,G19:G30) -> #REF! | H18: =SUBTOTAL(9,H19:H30) -> #REF! | I18: =SUBTOTAL(9,I19:I30) -> #REF! | J18: =SUM(G18:H18)-I18 -> #REF! | K18: =SUBTOTAL(9,K19:K30) -> #REF! | L18: =SUBTOTAL(9,L19:L30) -> #REF! | M18: =SUBTOTAL(9,M19:M30) -> #REF! | N18: =SUM(K18:L18)-M18 -> #REF! | O18: =SUBTOTAL(9,O19:O30) -> #REF! | P18: =SUBTOTAL(9,P19:P30) -> #REF! | S18: =SUBTOTAL(9,S19:S30) -> #REF! | T18: =SUBTOTAL(9,T19:T30) -> #REF! | U18: =SUBTOTAL(9,U19:U30) -> #REF! | V18: =SUBTOTAL(9,V19:V30) -> #REF! | W18: =SUBTOTAL(9,W19:W30) -> #REF! | X18: =SUBTOTAL(9,X19:X30) -> #REF! | Y18: =SUM(V18:W18)-X18 -> #REF! | Z18: =SUBTOTAL(9,Z19:Z30) -> #REF! | AA18: =SUBTOTAL(9,AA19:AA30) -> #REF! | AB18: =SUBTOTAL(9,AB19:AB30) -> #REF! | AC18: =SUM(Z18:AA18)-AB18 -> #REF! | AD18: =SUBTOTAL(9,AD19:AD30) -> #REF! | AE18: =SUBTOTAL(9,AE19:AE30) -> #REF! | AH18: =SUBTOTAL(9,AH19:AH30) -> #REF! | AI18: =SUBTOTAL(9,AI19:AI30) -> #REF! | AJ18: =SUBTOTAL(9,AJ19:AJ30) -> #REF! | AK18: =SUBTOTAL(9,AK19:AK30) -> #REF! | AL18: =SUBTOTAL(9,AL19:AL30) -> #REF! | AM18: =SUBTOTAL(9,AM19:AM30) -> #REF! | AN18: =SUM(AK18:AL18)-AM18 -> #REF! | AO18: =SUBTOTAL(9,AO19:AO30) -> #REF! | AP18: =SUBTOTAL(9,AP19:AP30) -> #REF! | AQ18: =SUBTOTAL(9,AQ19:AQ30) -> #REF! | AR18: =SUM(AO18:AP18)-AQ18 -> #REF! | AS18: =SUBTOTAL(9,AS19:AS30) -> #REF! | AT18: =SUBTOTAL(9,AT19:AT30) -> #REF! | AW18: =SUBTOTAL(9,AW19:AW30) -> #REF! | AX18: =SUBTOTAL(9,AX19:AX30) -> #REF! | AY18: =SUBTOTAL(9,AY19:AY30) -> #REF! | AZ18: =SUBTOTAL(9,AZ19:AZ30) -> #REF! | BA18: =SUBTOTAL(9,BA19:BA30) -> #REF! | BB18: =SUBTOTAL(9,BB19:BB30) -> #REF! | BC18: =SUM(AZ18:BA18)-BB18 -> #REF! | BD18: =SUBTOTAL(9,BD19:BD30) -> #REF! | BE18: =SUBTOTAL(9,BE19:BE30) -> #REF! | BF18: =SUBTOTAL(9,BF19:BF30) -> #REF! | BG18: =SUM(BD18:BE18)-BF18 -> #REF! | BH18: =SUBTOTAL(9,BH19:BH30) -> #REF! | BI18: =SUBTOTAL(9,BI19:BI30) -> #REF! | BL18: =SUBTOTAL(9,BL19:BL30) -> #REF! | BM18: =SUBTOTAL(9,BM19:BM30) -> #REF! | BN18: =SUBTOTAL(9,BN19:BN30) -> #REF! | BO18: =SUBTOTAL(9,BO19:BO30) -> #REF! | BP18: =SUBTOTAL(9,BP19:BP30) -> #REF! | BQ18: =SUBTOTAL(9,BQ19:BQ30) -> #REF! | BR18: =SUM(BO18:BP18)-BQ18 -> #REF! | BS18: =SUBTOTAL(9,BS19:BS30) -> #REF! | BT18: =SUBTOTAL(9,BT19:BT30) -> #REF! | BU18: =SUBTOTAL(9,BU19:BU30) -> #REF! | BV18: =SUM(BS18:BT18)-BU18 -> #REF! | BW18: =SUBTOTAL(9,BW19:BW30) -> #REF! | BX18: =SUBTOTAL(9,BX19:BX30) -> #REF! | CA18: =SUBTOTAL(9,CA19:CA30) -> #REF! | CB18: =SUBTOTAL(9,CB19:CB30) -> #REF! | CC18: =SUBTOTAL(9,CC19:CC30) -> #REF! | CD18: =SUBTOTAL(9,CD19:CD30) -> #REF! | CE18: =SUBTOTAL(9,CE19:CE30) -> #REF! | CF18: =SUBTOTAL(9,CF19:CF30) -> #REF! | CG18: =SUM(CD18:CE18)-CF18 -> #REF! | CH18: =SUBTOTAL(9,CH19:CH30) -> #REF! | CI18: =SUBTOTAL(9,CI19:CI30) -> #REF! | CJ18: =SUBTOTAL(9,CJ19:CJ30) -> #REF! | CK18: =SUM(CH18:CI18)-CJ18 -> #REF! | CL18: =SUBTOTAL(9,CL19:CL30) -> #REF! | CM18: =SUBTOTAL(9,CM19:CM30) -> #REF! | CP18: =SUBTOTAL(9,CP19:CP30) -> #REF! | CQ18: =SUBTOTAL(9,CQ19:CQ30) -> #REF! | CR18: =SUBTOTAL(9,CR19:CR30) -> #REF! | CS18: =SUBTOTAL(9,CS19:CS30) -> #REF! | CT18: =SUBTOTAL(9,CT19:CT30) -> #REF! | CU18: =SUBTOTAL(9,CU19:CU30) -> #REF! | CV18: =SUM(CS18:CT18)-CU18 -> #REF! | CW18: =SUBTOTAL(9,CW19:CW30) -> #REF! | CX18: =SUBTOTAL(9,CX19:CX30) -> #REF! | CY18: =SUBTOTAL(9,CY19:CY30) -> #REF! | CZ18: =SUM(CW18:CX18)-CY18 -> #REF! | DA18: =SUBTOTAL(9,DA19:DA30) -> #REF! | DB18: =SUBTOTAL(9,DB19:DB30) -> #REF! | DE18: =SUBTOTAL(9,DE19:DE30) -> #REF! | DF18: =SUBTOTAL(9,DF19:DF30) -> #REF! | DG18: =SUBTOTAL(9,DG19:DG30) -> #REF! | DH18: =SUBTOTAL(9,DH19:DH30) -> #REF! | DI18: =SUBTOTAL(9,DI19:DI30) -> #REF! | DJ18: =SUBTOTAL(9,DJ19:DJ30) -> #REF! | DK18: =SUM(DH18:DI18)-DJ18 -> #REF! | DL18: =SUBTOTAL(9,DL19:DL30) -> #REF! | DM18: =SUBTOTAL(9,DM19:DM30) -> #REF! | DN18: =SUBTOTAL(9,DN19:DN30) -> #REF! | DO18: =SUM(DL18:DM18)-DN18 -> #REF! | DP18: =SUBTOTAL(9,DP19:DP30) -> #REF! | DQ18: =SUBTOTAL(9,DQ19:DQ30) -> #REF! | DT18: =SUBTOTAL(9,DT19:DT30) -> #REF! | DU18: =SUBTOTAL(9,DU19:DU30) -> #REF! | DV18: =SUBTOTAL(9,DV19:DV30) -> #REF! | DW18: =SUBTOTAL(9,DW19:DW30) -> #REF! | DX18: =SUBTOTAL(9,DX19:DX30) -> #REF! | DY18: =SUBTOTAL(9,DY19:DY30) -> #REF! | DZ18: =SUM(DW18:DX18)-DY18 -> #REF! | EA18: =SUBTOTAL(9,EA19:EA30) -> #REF! | EB18: =SUBTOTAL(9,EB19:EB30) -> #REF! | EC18: =SUBTOTAL(9,EC19:EC30) -> #REF! | ED18: =SUM(EA18:EB18)-EC18 -> #REF! | EE18: =SUBTOTAL(9,EE19:EE30) -> #REF! | EF18: =SUBTOTAL(9,EF19:EF30) -> #REF! | EI18: =SUBTOTAL(9,EI19:EI30) -> #REF! | EJ18: =SUBTOTAL(9,EJ19:EJ30) -> #REF! | EK18: =SUBTOTAL(9,EK19:EK30) -> #REF! | EL18: =SUBTOTAL(9,EL19:EL30) -> #REF! | EM18: =SUBTOTAL(9,EM19:EM30) -> #REF! | EN18: =SUBTOTAL(9,EN19:EN30) -> #REF! | EO18: =SUM(EL18:EM18)-EN18 -> #REF! | EP18: =SUBTOTAL(9,EP19:EP30) -> #REF! | EQ18: =SUBTOTAL(9,EQ19:EQ30) -> #REF! | ER18: =SUBTOTAL(9,ER19:ER30) -> #REF! | ES18: =SUM(EP18:EQ18)-ER18 -> #REF! | ET18: =SUBTOTAL(9,ET19:ET30) -> #REF! | EU18: =SUBTOTAL(9,EU19:EU30) -> #REF! | EX18: =SUBTOTAL(9,EX19:EX30) -> #REF! | EY18: =SUBTOTAL(9,EY19:EY30) -> #REF! | EZ18: =SUBTOTAL(9,EZ19:EZ30) -> #REF! | FA18: =SUBTOTAL(9,FA19:FA30) -> #REF! | FB18: =SUBTOTAL(9,FB19:FB30) -> #REF! | FC18: =SUBTOTAL(9,FC19:FC30) -> #REF! | FD18: =SUM(FA18:FB18)-FC18 -> #REF! | FE18: =SUBTOTAL(9,FE19:FE30) -> #REF! | FF18: =SUBTOTAL(9,FF19:FF30) -> #REF! | FG18: =SUBTOTAL(9,FG19:FG30) -> #REF! | FH18: =SUM(FE18:FF18)-FG18 -> #REF! | FI18: =SUBTOTAL(9,FI19:FI30) -> #REF! | FJ18: =SUBTOTAL(9,FJ19:FJ30) -> #REF! | FM18: =SUBTOTAL(9,FM19:FM30) -> #REF! | FN18: =SUBTOTAL(9,FN19:FN30) -> #REF! | FO18: =SUBTOTAL(9,FO19:FO30) -> #REF! | FP18: =SUBTOTAL(9,FP19:FP30) -> #REF! | FQ18: =SUBTOTAL(9,FQ19:FQ30) -> #REF! | FR18: =SUBTOTAL(9,FR19:FR30) -> #REF! | FS18: =SUM(FP18:FQ18)-FR18 -> #REF! | FT18: =SUBTOTAL(9,FT19:FT30) -> #REF! | FU18: =SUBTOTAL(9,FU19:FU30) -> #REF! | FV18: =SUBTOTAL(9,FV19:FV30) -> #REF! | FW18: =SUM(FT18:FU18)-FV18 -> #REF! | FX18: =SUBTOTAL(9,FX19:FX30) -> #REF! | FY18: =SUBTOTAL(9,FY19:FY30) -> #REF! | GB18: =SUBTOTAL(9,GB19:GB30) -> #REF! | GC18: =SUBTOTAL(9,GC19:GC30) -> #REF! | GD18: =SUBTOTAL(9,GD19:GD30) -> #REF! | GE18: =SUBTOTAL(9,GE19:GE30) -> #REF! | GF18: =SUBTOTAL(9,GF19:GF30) -> #REF! | GG18: =SUBTOTAL(9,GG19:GG30) -> #REF! | GH18: =SUM(GE18:GF18)-GG18 -> #REF! | GI18: =SUBTOTAL(9,GI19:GI30) -> #REF! | GJ18: =SUBTOTAL(9,GJ19:GJ30) -> #REF! | GK18: =SUBTOTAL(9,GK19:GK30) -> #REF! | GL18: =SUM(GI18:GJ18)-GK18 -> #REF! | GM18: =SUBTOTAL(9,GM19:GM30) -> #REF! | GN18: =SUBTOTAL(9,GN19:GN30) -> #REF! | GQ18: =SUBTOTAL(9,GQ19:GQ30) -> #REF! | GR18: =SUBTOTAL(9,GR19:GR30) -> #REF! | GS18: =SUBTOTAL(9,GS19:GS30) -> #REF! | GT18: =SUBTOTAL(9,GT19:GT30) -> #REF! | GU18: =SUBTOTAL(9,GU19:GU30) -> #REF! | GV18: =SUBTOTAL(9,GV19:GV30) -> #REF! | GW18: =SUM(GT18:GU18)-GV18 -> #REF! | GX18: =SUBTOTAL(9,GX19:GX30) -> #REF! | GY18: =SUBTOTAL(9,GY19:GY30) -> #REF! | GZ18: =SUBTOTAL(9,GZ19:GZ30) -> #REF! | HA18: =SUM(GX18:GY18)-GZ18 -> #REF! | HB18: =SUBTOTAL(9,HB19:HB30) -> #REF! | HC18: =SUBTOTAL(9,HC19:HC30) -> #REF! | HF18: =SUBTOTAL(9,HF19:HF30) -> #REF! | HG18: =SUBTOTAL(9,HG19:HG30) -> #REF! | HH18: =SUBTOTAL(9,HH19:HH30) -> #REF! | HI18: =SUBTOTAL(9,HI19:HI30) -> #REF! | HJ18: =SUBTOTAL(9,HJ19:HJ30) -> #REF! | HK18: =SUBTOTAL(9,HK19:HK30) -> #REF! | HL18: =SUM(HI18:HJ18)-HK18 -> #REF! | HM18: =SUBTOTAL(9,HM19:HM30) -> #REF! | HN18: =SUBTOTAL(9,HN19:HN30) -> #REF! | HO18: =SUBTOTAL(9,HO19:HO30) -> #REF! | HP18: =SUM(HM18:HN18)-HO18 -> #REF! | HQ18: =SUBTOTAL(9,HQ19:HQ30) -> #REF! | HR18: =SUBTOTAL(9,HR19:HR30) -> #REF! | HU18: =SUBTOTAL(9,HU19:HU30) -> #REF! | HV18: =SUBTOTAL(9,HV19:HV30) -> #REF! | HW18: =SUBTOTAL(9,HW19:HW30) -> #REF! | HX18: =SUBTOTAL(9,HX19:HX30) -> #REF! | HY18: =SUBTOTAL(9,HY19:HY30) -> #REF! | HZ18: =SUBTOTAL(9,HZ19:HZ30) -> #REF! | IA18: =SUM(HX18:HY18)-HZ18 -> #REF! | IB18: =SUBTOTAL(9,IB19:IB30) -> #REF! | IC18: =SUBTOTAL(9,IC19:IC30) -> #REF! | ID18: =SUBTOTAL(9,ID19:ID30) -> #REF! | IE18: =SUM(IB18:IC18)-ID18 -> #REF! | IF18: =SUBTOTAL(9,IF19:IF30) -> #REF! | IG18: =SUBTOTAL(9,IG19:IG30) -> #REF! | IJ18: =SUBTOTAL(9,IJ19:IJ30) -> #REF! | IK18: =SUBTOTAL(9,IK19:IK30) -> #REF! | IL18: =SUBTOTAL(9,IL19:IL30) -> #REF! | IM18: =SUBTOTAL(9,IM19:IM30) -> #REF! | IN18: =SUBTOTAL(9,IN19:IN30) -> #REF! | IO18: =SUBTOTAL(9,IO19:IO30) -> #REF! | IP18: =SUM(IM18:IN18)-IO18 -> #REF! | IQ18: =SUBTOTAL(9,IQ19:IQ30) -> #REF! | IR18: =SUBTOTAL(9,IR19:IR30) -> #REF! | IS18: =SUBTOTAL(9,IS19:IS30) -> #REF! | IT18: =SUM(IQ18:IR18)-IS18 -> #REF! | IU18: =SUBTOTAL(9,IU19:IU30) -> #REF! | IV18: =SUBTOTAL(9,IV19:IV30) -> #REF! | IY18: =SUBTOTAL(9,IY19:IY30) -> #REF! | IZ18: =SUBTOTAL(9,IZ19:IZ30) -> #REF! | JA18: =SUBTOTAL(9,JA19:JA30) -> #REF! | JB18: =SUBTOTAL(9,JB19:JB30) -> #REF! | JC18: =SUBTOTAL(9,JC19:JC30) -> #REF! | JD18: =SUBTOTAL(9,JD19:JD30) -> #REF! | JE18: =SUM(JB18:JC18)-JD18 -> #REF! | JF18: =SUBTOTAL(9,JF19:JF30) -> #REF! | JG18: =SUBTOTAL(9,JG19:JG30) -> #REF! | JH18: =SUBTOTAL(9,JH19:JH30) -> #REF! | JI18: =SUM(JF18:JG18)-JH18 -> #REF! | JJ18: =SUBTOTAL(9,JJ19:JJ30) -> #REF! | JK18: =SUBTOTAL(9,JK19:JK30) -> #REF! | JN18: =SUBTOTAL(9,JN19:JN30) -> #REF! | JO18: =SUBTOTAL(9,JO19:JO30) -> #REF! | JP18: =SUBTOTAL(9,JP19:JP30) -> #REF! | JQ18: =SUBTOTAL(9,JQ19:JQ30) -> #REF! | JR18: =SUBTOTAL(9,JR19:JR30) -> #REF! | JS18: =SUBTOTAL(9,JS19:JS30) -> #REF! | JT18: =SUM(JQ18:JR18)-JS18 -> #REF! | JU18: =SUBTOTAL(9,JU19:JU30) -> #REF! | JV18: =SUBTOTAL(9,JV19:JV30) -> #REF! | JW18: =SUBTOTAL(9,JW19:JW30) -> #REF! | JX18: =SUM(JU18:JV18)-JW18 -> #REF! | JY18: =SUBTOTAL(9,JY19:JY30) -> #REF! | JZ18: =SUBTOTAL(9,JZ19:JZ30) -> #REF! | KC18: =SUBTOTAL(9,KC19:KC30) -> #REF! | KD18: =SUBTOTAL(9,KD19:KD30) -> #REF! | KE18: =SUBTOTAL(9,KE19:KE30) -> #REF! | KF18: =SUBTOTAL(9,KF19:KF30) -> #REF! | KG18: =SUBTOTAL(9,KG19:KG30) -> #REF! | KH18: =SUBTOTAL(9,KH19:KH30) -> #REF! | KI18: =SUM(KF18:KG18)-KH18 -> #REF! | KJ18: =SUBTOTAL(9,KJ19:KJ30) -> #REF! | KK18: =SUBTOTAL(9,KK19:KK30) -> #REF! | KL18: =SUBTOTAL(9,KL19:KL30) -> #REF! | KM18: =SUM(KJ18:KK18)-KL18 -> #REF! | KN18: =SUBTOTAL(9,KN19:KN30) -> #REF! | KO18: =SUBTOTAL(9,KO19:KO30) -> #REF! | KR18: =SUBTOTAL(9,KR19:KR30) -> #REF! | KS18: =SUBTOTAL(9,KS19:KS30) -> #REF! | KT18: =SUBTOTAL(9,KT19:KT30) -> #REF! | KU18: =SUBTOTAL(9,KU19:KU30) -> #REF! | KV18: =SUBTOTAL(9,KV19:KV30) -> #REF! | KW18: =SUBTOTAL(9,KW19:KW30) -> #REF! | KX18: =SUM(KU18:KV18)-KW18 -> #REF! | KY18: =SUBTOTAL(9,KY19:KY30) -> #REF! | KZ18: =SUBTOTAL(9,KZ19:KZ30) -> #REF! | LA18: =SUBTOTAL(9,LA19:LA30) -> #REF! | LB18: =SUM(KY18:KZ18)-LA18 -> #REF! | LC18: =SUBTOTAL(9,LC19:LC30) -> #REF! | LD18: =SUBTOTAL(9,LD19:LD30) -> #REF! | LG18: =SUBTOTAL(9,LG19:LG30) -> #REF! | LH18: =SUBTOTAL(9,LH19:LH30) -> #REF! | LI18: =SUBTOTAL(9,LI19:LI30) -> #REF! | LJ18: =SUBTOTAL(9,LJ19:LJ30) -> #REF! | LK18: =SUBTOTAL(9,LK19:LK30) -> #REF! | LL18: =SUBTOTAL(9,LL19:LL30) -> #REF! | LM18: =SUM(LJ18:LK18)-LL18 -> #REF! | LN18: =SUBTOTAL(9,LN19:LN30) -> #REF! | LO18: =SUBTOTAL(9,LO19:LO30) -> #REF! | LP18: =SUBTOTAL(9,LP19:LP30) -> #REF! | LQ18: =SUM(LN18:LO18)-LP18 -> #REF! | LR18: =SUBTOTAL(9,LR19:LR30) -> #REF! | LS18: =SUBTOTAL(9,LS19:LS30) -> #REF! | LV18: =SUBTOTAL(9,LV19:LV30) -> #REF! | LW18: =SUBTOTAL(9,LW19:LW30) -> #REF! | LX18: =SUBTOTAL(9,LX19:LX30) -> #REF! | LY18: =SUBTOTAL(9,LY19:LY30) -> #REF! | LZ18: =SUBTOTAL(9,LZ19:LZ30) -> #REF! | MA18: =SUBTOTAL(9,MA19:MA30) -> #REF! | MB18: =SUM(LY18:LZ18)-MA18 -> #REF! | MC18: =SUBTOTAL(9,MC19:MC30) -> #REF! | MD18: =SUBTOTAL(9,MD19:MD30) -> #REF! | ME18: =SUBTOTAL(9,ME19:ME30) -> #REF! | MF18: =SUM(MC18:MD18)-ME18 -> #REF! | MG18: =SUBTOTAL(9,MG19:MG30) -> #REF! | MH18: =SUBTOTAL(9,MH19:MH30) -> #REF! | MK18: =SUBTOTAL(9,MK19:MK30) -> #REF! | ML18: =SUBTOTAL(9,ML19:ML30) -> #REF! | MM18: =SUBTOTAL(9,MM19:MM30) -> #REF! | MN18: =SUBTOTAL(9,MN19:MN30) -> #REF! | MO18: =SUBTOTAL(9,MO19:MO30) -> #REF! | MP18: =SUBTOTAL(9,MP19:MP30) -> #REF! | MQ18: =SUM(MN18:MO18)-MP18 -> #REF! | MR18: =SUBTOTAL(9,MR19:MR30) -> #REF! | MS18: =SUBTOTAL(9,MS19:MS30) -> #REF! | MT18: =SUBTOTAL(9,MT19:MT30) -> #REF! | MU18: =SUM(MR18:MS18)-MT18 -> #REF! | MV18: =SUBTOTAL(9,MV19:MV30) -> #REF! | MW18: =SUBTOTAL(9,MW19:MW30) -> #REF! | MZ18: =SUBTOTAL(9,MZ19:MZ30) -> #REF! | NA18: =SUBTOTAL(9,NA19:NA30) -> #REF! | NB18: =SUBTOTAL(9,NB19:NB30) -> #REF! | NC18: =SUBTOTAL(9,NC19:NC30) -> #REF! | ND18: =SUBTOTAL(9,ND19:ND30) -> #REF! | NE18: =SUBTOTAL(9,NE19:NE30) -> #REF! | NF18: =SUM(NC18:ND18)-NE18 -> #REF! | NG18: =SUBTOTAL(9,NG19:NG30) -> #REF! | NH18: =SUBTOTAL(9,NH19:NH30) -> #REF! | NI18: =SUBTOTAL(9,NI19:NI30) -> #REF! | NJ18: =SUM(NG18:NH18)-NI18 -> #REF! | NK18: =SUBTOTAL(9,NK19:NK30) -> #REF! | NL18: =SUBTOTAL(9,NL19:NL30) -> #REF! | NO18: =SUBTOTAL(9,NO19:NO30) -> #REF! | NP18: =SUBTOTAL(9,NP19:NP30) -> #REF! | NQ18: =SUBTOTAL(9,NQ19:NQ30) -> #REF! | NR18: =SUBTOTAL(9,NR19:NR30) -> #REF! | NS18: =SUBTOTAL(9,NS19:NS30) -> #REF! | NT18: =SUBTOTAL(9,NT19:NT30) -> #REF! | NU18: =SUM(NR18:NS18)-NT18 -> #REF! | NV18: =SUBTOTAL(9,NV19:NV30) -> #REF! | NW18: =SUBTOTAL(9,NW19:NW30) -> #REF! | NX18: =SUBTOTAL(9,NX19:NX30) -> #REF! | NY18: =SUM(NV18:NW18)-NX18 -> #REF! | NZ18: =SUBTOTAL(9,NZ19:NZ30) -> #REF! | OA18: =SUBTOTAL(9,OA19:OA30) -> #REF! | OD18: =SUBTOTAL(9,OD19:OD30) -> #REF! | OE18: =SUBTOTAL(9,OE19:OE30) -> #REF! | OF18: =SUBTOTAL(9,OF19:OF30) -> #REF! | OG18: =SUBTOTAL(9,OG19:OG30) -> #REF! | OH18: =SUBTOTAL(9,OH19:OH30) -> #REF! | OI18: =SUBTOTAL(9,OI19:OI30) -> #REF! | OJ18: =SUM(OG18:OH18)-OI18 -> #REF! | OK18: =SUBTOTAL(9,OK19:OK30) -> #REF! | OL18: =SUBTOTAL(9,OL19:OL30) -> #REF! | OM18: =SUBTOTAL(9,OM19:OM30) -> #REF! | ON18: =SUM(OK18:OL18)-OM18 -> #REF! | OO18: =SUBTOTAL(9,OO19:OO30) -> #REF! | OP18: =SUBTOTAL(9,OP19:OP30) -> #REF! | OS18: =SUBTOTAL(9,OS19:OS30) -> #REF! | OT18: =SUBTOTAL(9,OT19:OT30) -> #REF! | OU18: =SUBTOTAL(9,OU19:OU30) -> #REF! | OV18: =SUBTOTAL(9,OV19:OV30) -> #REF! | OW18: =SUBTOTAL(9,OW19:OW30) -> #REF! | OX18: =SUBTOTAL(9,OX19:OX30) -> #REF! | OY18: =SUM(OV18:OW18)-OX18 -> #REF! | OZ18: =SUBTOTAL(9,OZ19:OZ30) -> #REF! | PA18: =SUBTOTAL(9,PA19:PA30) -> #REF! | PB18: =SUBTOTAL(9,PB19:PB30) -> #REF! | PC18: =SUM(OZ18:PA18)-PB18 -> #REF! | PD18: =SUBTOTAL(9,PD19:PD30) -> #REF! | PE18: =SUBTOTAL(9,PE19:PE30) -> #REF! | PH18: =SUBTOTAL(9,PH19:PH30) -> #REF! | PI18: =SUBTOTAL(9,PI19:PI30) -> #REF! | PJ18: =SUBTOTAL(9,PJ19:PJ30) -> #REF! | PK18: =SUBTOTAL(9,PK19:PK30) -> #REF! | PL18: =SUBTOTAL(9,PL19:PL30) -> #REF! | PM18: =SUBTOTAL(9,PM19:PM30) -> #REF! | PN18: =SUM(PK18:PL18)-PM18 -> #REF! | PO18: =SUBTOTAL(9,PO19:PO30) -> #REF! | PP18: =SUBTOTAL(9,PP19:PP30) -> #REF! | PQ18: =SUBTOTAL(9,PQ19:PQ30) -> #REF! | PR18: =SUM(PO18:PP18)-PQ18 -> #REF! | PS18: =SUBTOTAL(9,PS19:PS30) -> #REF! | PT18: =SUBTOTAL(9,PT19:PT30) -> #REF! | PW18: =SUBTOTAL(9,PW19:PW30) -> #REF! | PX18: =SUBTOTAL(9,PX19:PX30) -> #REF! | PY18: =SUBTOTAL(9,PY19:PY30) -> #REF! | PZ18: =SUBTOTAL(9,PZ19:PZ30) -> #REF! | QA18: =SUBTOTAL(9,QA19:QA30) -> #REF! | QB18: =SUBTOTAL(9,QB19:QB30) -> #REF! | QC18: =SUM(PZ18:QA18)-QB18 -> #REF! | QD18: =SUBTOTAL(9,QD19:QD30) -> #REF! | QE18: =SUBTOTAL(9,QE19:QE30) -> #REF! | QF18: =SUBTOTAL(9,QF19:QF30) -> #REF! | QG18: =SUM(QD18:QE18)-QF18 -> #REF! | QH18: =SUBTOTAL(9,QH19:QH30) -> #REF! | QI18: =SUBTOTAL(9,QI19:QI30) -> #REF! | QL18: =SUBTOTAL(9,QL19:QL30) -> #REF! | QM18: =SUBTOTAL(9,QM19:QM30) -> #REF! | QN18: =SUBTOTAL(9,QN19:QN30) -> #REF! | QO18: =SUBTOTAL(9,QO19:QO30) -> #REF! | QP18: =SUBTOTAL(9,QP19:QP30) -> #REF! | QQ18: =SUBTOTAL(9,QQ19:QQ30) -> #REF! | QR18: =SUM(QO18:QP18)-QQ18 -> #REF! | QS18: =SUBTOTAL(9,QS19:QS30) -> #REF! | QT18: =SUBTOTAL(9,QT19:QT30) -> #REF! | QU18: =SUBTOTAL(9,QU19:QU30) -> #REF! | QV18: =SUM(QS18:QT18)-QU18 -> #REF! | QW18: =SUBTOTAL(9,QW19:QW30) -> #REF! | QX18: =SUBTOTAL(9,QX19:QX30) -> #REF! | RA18: =SUBTOTAL(9,RA19:RA30) -> #REF! | RB18: =SUBTOTAL(9,RB19:RB30) -> #REF! | RC18: =SUBTOTAL(9,RC19:RC30) -> #REF! | RD18: =SUBTOTAL(9,RD19:RD30) -> #REF! | RE18: =SUBTOTAL(9,RE19:RE30) -> #REF! | RF18: =SUBTOTAL(9,RF19:RF30) -> #REF! | RG18: =SUM(RD18:RE18)-RF18 -> #REF! | RH18: =SUBTOTAL(9,RH19:RH30) -> #REF! | RI18: =SUBTOTAL(9,RI19:RI30) -> #REF! | RJ18: =SUBTOTAL(9,RJ19:RJ30) -> #REF! | RK18: =SUM(RH18:RI18)-RJ18 -> #REF! | RL18: =SUBTOTAL(9,RL19:RL30) -> #REF! | RM18: =SUBTOTAL(9,RM19:RM30) -> #REF! | RP18: =SUBTOTAL(9,RP19:RP30) -> #REF! | RQ18: =SUBTOTAL(9,RQ19:RQ30) -> #REF! | RR18: =SUBTOTAL(9,RR19:RR30) -> #REF! | RS18: =SUBTOTAL(9,RS19:RS30) -> #REF! | RT18: =SUBTOTAL(9,RT19:RT30) -> #REF! | RU18: =SUBTOTAL(9,RU19:RU30) -> #REF! | RV18: =SUM(RS18:RT18)-RU18 -> #REF! | RW18: =SUBTOTAL(9,RW19:RW30) -> #REF! | RX18: =SUBTOTAL(9,RX19:RX30) -> #REF! | RY18: =SUBTOTAL(9,RY19:RY30) -> #REF! | RZ18: =SUM(RW18:RX18)-RY18 -> #REF! | SA18: =SUBTOTAL(9,SA19:SA30) -> #REF! | SB18: =SUBTOTAL(9,SB19:SB30) -> #REF! | SE18: =SUBTOTAL(9,SE19:SE30) -> #REF! | SF18: =SUBTOTAL(9,SF19:SF30) -> #REF! | SG18: =SUBTOTAL(9,SG19:SG30) -> #REF! | SH18: =SUBTOTAL(9,SH19:SH30) -> #REF! | SI18: =SUBTOTAL(9,SI19:SI30) -> #REF! | SJ18: =SUBTOTAL(9,SJ19:SJ30) -> #REF! | SK18: =SUM(SH18:SI18)-SJ18 -> #REF! | SL18: =SUBTOTAL(9,SL19:SL30) -> #REF! | SM18: =SUBTOTAL(9,SM19:SM30) -> #REF! | SN18: =SUBTOTAL(9,SN19:SN30) -> #REF! | SO18: =SUM(SL18:SM18)-SN18 -> #REF! | SP18: =SUBTOTAL(9,SP19:SP30) -> #REF! | SQ18: =SUBTOTAL(9,SQ19:SQ30) -> #REF! | ST18: =SUBTOTAL(9,ST19:ST30) -> #REF! | SU18: =SUBTOTAL(9,SU19:SU30) -> #REF! | SV18: =SUBTOTAL(9,SV19:SV30) -> #REF! | SW18: =SUBTOTAL(9,SW19:SW30) -> #REF! | SX18: =SUBTOTAL(9,SX19:SX30) -> #REF! | SY18: =SUBTOTAL(9,SY19:SY30) -> #REF! | SZ18: =SUM(SW18:SX18)-SY18 -> #REF! | TA18: =SUBTOTAL(9,TA19:TA30) -> #REF! | TB18: =SUBTOTAL(9,TB19:TB30) -> #REF! | TC18: =SUBTOTAL(9,TC19:TC30) -> #REF! | TD18: =SUM(TA18:TB18)-TC18 -> #REF! | TE18: =SUBTOTAL(9,TE19:TE30) -> #REF! | TF18: =SUBTOTAL(9,TF19:TF30) -> #REF! | TI18: =SUBTOTAL(9,TI19:TI30) -> #REF! | TJ18: =SUBTOTAL(9,TJ19:TJ30) -> #REF! | TK18: =SUBTOTAL(9,TK19:TK30) -> #REF! | TL18: =SUBTOTAL(9,TL19:TL30) -> #REF! | TM18: =SUBTOTAL(9,TM19:TM30) -> #REF! | TN18: =SUBTOTAL(9,TN19:TN30) -> #REF! | TO18: =SUM(TL18:TM18)-TN18 -> #REF! | TP18: =SUBTOTAL(9,TP19:TP30) -> #REF! | TQ18: =SUBTOTAL(9,TQ19:TQ30) -> #REF! | TR18: =SUBTOTAL(9,TR19:TR30) -> #REF! | TS18: =SUM(TP18:TQ18)-TR18 -> #REF! | TT18: =SUBTOTAL(9,TT19:TT30) -> #REF! | TU18: =SUBTOTAL(9,TU19:TU30) -> #REF! | TX18: =SUBTOTAL(9,TX19:TX30) -> #REF! | TY18: =SUBTOTAL(9,TY19:TY30) -> #REF! | TZ18: =SUBTOTAL(9,TZ19:TZ30) -> #REF! | UA18: =SUBTOTAL(9,UA19:UA30) -> #REF! | UB18: =SUBTOTAL(9,UB19:UB30) -> #REF! | UC18: =SUBTOTAL(9,UC19:UC30) -> #REF! | UD18: =SUM(UA18:UB18)-UC18 -> #REF! | UE18: =SUBTOTAL(9,UE19:UE30) -> #REF! | UF18: =SUBTOTAL(9,UF19:UF30) -> #REF! | UG18: =SUBTOTAL(9,UG19:UG30) -> #REF! | UH18: =SUM(UE18:UF18)-UG18 -> #REF! | UI18: =SUBTOTAL(9,UI19:UI30) -> #REF! | UJ18: =SUBTOTAL(9,UJ19:UJ30) -> #REF! | UM18: =SUBTOTAL(9,UM19:UM30) -> #REF! | UN18: =SUBTOTAL(9,UN19:UN30) -> #REF! | UO18: =SUBTOTAL(9,UO19:UO30) -> #REF! | UP18: =SUBTOTAL(9,UP19:UP30) -> #REF! | UQ18: =SUBTOTAL(9,UQ19:UQ30) -> #REF! | UR18: =SUBTOTAL(9,UR19:UR30) -> #REF! | US18: =SUM(UP18:UQ18)-UR18 -> #REF! | UT18: =SUBTOTAL(9,UT19:UT30) -> #REF! | UU18: =SUBTOTAL(9,UU19:UU30) -> #REF! | UV18: =SUBTOTAL(9,UV19:UV30) -> #REF! | UW18: =SUM(UT18:UU18)-UV18 -> #REF! | UX18: =SUBTOTAL(9,UX19:UX30) -> #REF! | UY18: =SUBTOTAL(9,UY19:UY30) -> #REF! | VB18: =SUBTOTAL(9,VB19:VB30) -> #REF! | VC18: =SUBTOTAL(9,VC19:VC30) -> #REF! | VD18: =SUBTOTAL(9,VD19:VD30) -> #REF! | VE18: =SUBTOTAL(9,VE19:VE30) -> #REF! | VF18: =SUBTOTAL(9,VF19:VF30) -> #REF! | VG18: =SUBTOTAL(9,VG19:VG30) -> #REF! | VH18: =SUM(VE18:VF18)-VG18 -> #REF! | VI18: =SUBTOTAL(9,VI19:VI30) -> #REF! | VJ18: =SUBTOTAL(9,VJ19:VJ30) -> #REF! | VK18: =SUBTOTAL(9,VK19:VK30) -> #REF! | VL18: =SUM(VI18:VJ18)-VK18 -> #REF! | VM18: =SUBTOTAL(9,VM19:VM30) -> #REF! | VN18: =SUBTOTAL(9,VN19:VN30) -> #REF! | VQ18: =SUBTOTAL(9,VQ19:VQ30) -> #REF! | VR18: =SUBTOTAL(9,VR19:VR30) -> #REF! | VS18: =SUBTOTAL(9,VS19:VS30) -> #REF! | VT18: =SUBTOTAL(9,VT19:VT30) -> #REF! | VU18: =SUBTOTAL(9,VU19:VU30) -> #REF! | VV18: =SUBTOTAL(9,VV19:VV30) -> #REF! | VW18: =SUM(VT18:VU18)-VV18 -> #REF! | VX18: =SUBTOTAL(9,VX19:VX30) -> #REF! | VY18: =SUBTOTAL(9,VY19:VY30) -> #REF! | VZ18: =SUBTOTAL(9,VZ19:VZ30) -> #REF! | WA18: =SUM(VX18:VY18)-VZ18 -> #REF! | WB18: =SUBTOTAL(9,WB19:WB30) -> #REF! | WC18: =SUBTOTAL(9,WC19:WC30) -> #REF!
B19: REGION VI | C19: JANUARY | D19: =SUM(D32,D45,D58,D71,D84,D97) -> #REF! | E19: =SUM(E32,E45,E58,E71,E84,E97) -> #REF! | F19: =SUM(D19:E19) -> #REF! | G19: =SUM(G32,G45,G58,G71,G84,G97) -> #REF! | H19: =SUM(H32,H45,H58,H71,H84,H97) -> #REF! | I19: =SUM(I32,I45,I58,I71,I84,I97) -> #REF! | J19: =SUM(G19:H19)-I19 -> #REF! | K19: =SUM(K32,K45,K58,K71,K84,K97) -> #REF! | L19: =SUM(L32,L45,L58,L71,L84,L97) -> #REF! | M19: =SUM(M32,M45,M58,M71,M84,M97) -> #REF! | N19: =SUM(K19:L19)-M19 -> #REF! | O19: =SUM(O32,O45,O58,O71,O84,O97) -> #REF! | P19: =SUM(P32,P45,P58,P71,P84,P97) -> #REF! | S19: =SUM(S32,S45,S58,S71,S84,S97) -> #REF! | T19: =SUM(T32,T45,T58,T71,T84,T97) -> #REF! | U19: =SUM(S19:T19) -> #REF! | V19: =SUM(V32,V45,V58,V71,V84,V97) -> #REF! | W19: =SUM(W32,W45,W58,W71,W84,W97) -> #REF! | X19: =SUM(X32,X45,X58,X71,X84,X97) -> #REF! | Y19: =SUM(V19:W19)-X19 -> #REF! | Z19: =SUM(Z32,Z45,Z58,Z71,Z84,Z97) -> #REF! | AA19: =SUM(AA32,AA45,AA58,AA71,AA84,AA97) -> #REF! | AB19: =SUM(AB32,AB45,AB58,AB71,AB84,AB97) -> #REF! | AC19: =SUM(Z19:AA19)-AB19 -> #REF! | AD19: =SUM(AD32,AD45,AD58,AD71,AD84,AD97) -> #REF! | AE19: =SUM(AE32,AE45,AE58,AE71,AE84,AE97) -> #REF! | AH19: =SUM(AH32,AH45,AH58,AH71,AH84,AH97) -> #REF! | AI19: =SUM(AI32,AI45,AI58,AI71,AI84,AI97) -> #REF! | AJ19: =SUM(AH19:AI19) -> #REF! | AK19: =SUM(AK32,AK45,AK58,AK71,AK84,AK97) -> #REF! | AL19: =SUM(AL32,AL45,AL58,AL71,AL84,AL97) -> #REF! | AM19: =SUM(AM32,AM45,AM58,AM71,AM84,AM97) -> #REF! | AN19: =SUM(AK19:AL19)-AM19 -> #REF! | AO19: =SUM(AO32,AO45,AO58,AO71,AO84,AO97) -> #REF! | AP19: =SUM(AP32,AP45,AP58,AP71,AP84,AP97) -> #REF! | AQ19: =SUM(AQ32,AQ45,AQ58,AQ71,AQ84,AQ97) -> #REF! | AR19: =SUM(AO19:AP19)-AQ19 -> #REF! | AS19: =SUM(AS32,AS45,AS58,AS71,AS84,AS97) -> #REF! | AT19: =SUM(AT32,AT45,AT58,AT71,AT84,AT97) -> #REF! | AW19: =SUM(AW32,AW45,AW58,AW71,AW84,AW97) -> #REF! | AX19: =SUM(AX32,AX45,AX58,AX71,AX84,AX97) -> #REF! | AY19: =SUM(AW19:AX19) -> #REF! | AZ19: =SUM(AZ32,AZ45,AZ58,AZ71,AZ84,AZ97) -> #REF! | BA19: =SUM(BA32,BA45,BA58,BA71,BA84,BA97) -> #REF! | BB19: =SUM(BB32,BB45,BB58,BB71,BB84,BB97) -> #REF! | BC19: =SUM(AZ19:BA19)-BB19 -> #REF! | BD19: =SUM(BD32,BD45,BD58,BD71,BD84,BD97) -> #REF! | BE19: =SUM(BE32,BE45,BE58,BE71,BE84,BE97) -> #REF! | BF19: =SUM(BF32,BF45,BF58,BF71,BF84,BF97) -> #REF! | BG19: =SUM(BD19:BE19)-BF19 -> #REF! | BH19: =SUM(BH32,BH45,BH58,BH71,BH84,BH97) -> #REF! | BI19: =SUM(BI32,BI45,BI58,BI71,BI84,BI97) -> #REF! | BL19: =SUM(BL32,BL45,BL58,BL71,BL84,BL97) -> #REF! | BM19: =SUM(BM32,BM45,BM58,BM71,BM84,BM97) -> #REF! | BN19: =SUM(BL19:BM19) -> #REF! | BO19: =SUM(BO32,BO45,BO58,BO71,BO84,BO97) -> #REF! | BP19: =SUM(BP32,BP45,BP58,BP71,BP84,BP97) -> #REF! | BQ19: =SUM(BQ32,BQ45,BQ58,BQ71,BQ84,BQ97) -> #REF! | BR19: =SUM(BO19:BP19)-BQ19 -> #REF! | BS19: =SUM(BS32,BS45,BS58,BS71,BS84,BS97) -> #REF! | BT19: =SUM(BT32,BT45,BT58,BT71,BT84,BT97) -> #REF! | BU19: =SUM(BU32,BU45,BU58,BU71,BU84,BU97) -> #REF! | BV19: =SUM(BS19:BT19)-BU19 -> #REF! | BW19: =SUM(BW32,BW45,BW58,BW71,BW84,BW97) -> #REF! | BX19: =SUM(BX32,BX45,BX58,BX71,BX84,BX97) -> #REF! | CA19: =SUM(CA32,CA45,CA58,CA71,CA84,CA97) -> #REF! | CB19: =SUM(CB32,CB45,CB58,CB71,CB84,CB97) -> #REF! | CC19: =SUM(CA19:CB19) -> #REF! | CD19: =SUM(CD32,CD45,CD58,CD71,CD84,CD97) -> #REF! | CE19: =SUM(CE32,CE45,CE58,CE71,CE84,CE97) -> #REF! | CF19: =SUM(CF32,CF45,CF58,CF71,CF84,CF97) -> #REF! | CG19: =SUM(CD19:CE19)-CF19 -> #REF! | CH19: =SUM(CH32,CH45,CH58,CH71,CH84,CH97) -> #REF! | CI19: =SUM(CI32,CI45,CI58,CI71,CI84,CI97) -> #REF! | CJ19: =SUM(CJ32,CJ45,CJ58,CJ71,CJ84,CJ97) -> #REF! | CK19: =SUM(CH19:CI19)-CJ19 -> #REF! | CL19: =SUM(CL32,CL45,CL58,CL71,CL84,CL97) -> #REF! | CM19: =SUM(CM32,CM45,CM58,CM71,CM84,CM97) -> #REF! | CP19: =SUM(CP32,CP45,CP58,CP71,CP84,CP97) -> #REF! | CQ19: =SUM(CQ32,CQ45,CQ58,CQ71,CQ84,CQ97) -> #REF! | CR19: =SUM(CP19:CQ19) -> #REF! | CS19: =SUM(CS32,CS45,CS58,CS71,CS84,CS97) -> #REF! | CT19: =SUM(CT32,CT45,CT58,CT71,CT84,CT97) -> #REF! | CU19: =SUM(CU32,CU45,CU58,CU71,CU84,CU97) -> #REF! | CV19: =SUM(CS19:CT19)-CU19 -> #REF! | CW19: =SUM(CW32,CW45,CW58,CW71,CW84,CW97) -> #REF! | CX19: =SUM(CX32,CX45,CX58,CX71,CX84,CX97) -> #REF! | CY19: =SUM(CY32,CY45,CY58,CY71,CY84,CY97) -> #REF! | CZ19: =SUM(CW19:CX19)-CY19 -> #REF! | DA19: =SUM(DA32,DA45,DA58,DA71,DA84,DA97) -> #REF! | DB19: =SUM(DB32,DB45,DB58,DB71,DB84,DB97) -> #REF! | DE19: =SUM(DE32,DE45,DE58,DE71,DE84,DE97) -> #REF! | DF19: =SUM(DF32,DF45,DF58,DF71,DF84,DF97) -> #REF! | DG19: =SUM(DE19:DF19) -> #REF! | DH19: =SUM(DH32,DH45,DH58,DH71,DH84,DH97) -> #REF! | DI19: =SUM(DI32,DI45,DI58,DI71,DI84,DI97) -> #REF! | DJ19: =SUM(DJ32,DJ45,DJ58,DJ71,DJ84,DJ97) -> #REF! | DK19: =SUM(DH19:DI19)-DJ19 -> #REF! | DL19: =SUM(DL32,DL45,DL58,DL71,DL84,DL97) -> #REF! | DM19: =SUM(DM32,DM45,DM58,DM71,DM84,DM97) -> #REF! | DN19: =SUM(DN32,DN45,DN58,DN71,DN84,DN97) -> #REF! | DO19: =SUM(DL19:DM19)-DN19 -> #REF! | DP19: =SUM(DP32,DP45,DP58,DP71,DP84,DP97) -> #REF! | DQ19: =SUM(DQ32,DQ45,DQ58,DQ71,DQ84,DQ97) -> #REF! | DT19: =SUM(DT32,DT45,DT58,DT71,DT84,DT97) -> #REF! | DU19: =SUM(DU32,DU45,DU58,DU71,DU84,DU97) -> #REF! | DV19: =SUM(DT19:DU19) -> #REF! | DW19: =SUM(DW32,DW45,DW58,DW71,DW84,DW97) -> #REF! | DX19: =SUM(DX32,DX45,DX58,DX71,DX84,DX97) -> #REF! | DY19: =SUM(DY32,DY45,DY58,DY71,DY84,DY97) -> #REF! | DZ19: =SUM(DW19:DX19)-DY19 -> #REF! | EA19: =SUM(EA32,EA45,EA58,EA71,EA84,EA97) -> #REF! | EB19: =SUM(EB32,EB45,EB58,EB71,EB84,EB97) -> #REF! | EC19: =SUM(EC32,EC45,EC58,EC71,EC84,EC97) -> #REF! | ED19: =SUM(EA19:EB19)-EC19 -> #REF! | EE19: =SUM(EE32,EE45,EE58,EE71,EE84,EE97) -> #REF! | EF19: =SUM(EF32,EF45,EF58,EF71,EF84,EF97) -> #REF! | EI19: =SUM(EI32,EI45,EI58,EI71,EI84,EI97) -> #REF! | EJ19: =SUM(EJ32,EJ45,EJ58,EJ71,EJ84,EJ97) -> #REF! | EK19: =SUM(EI19:EJ19) -> #REF! | EL19: =SUM(EL32,EL45,EL58,EL71,EL84,EL97) -> #REF! | EM19: =SUM(EM32,EM45,EM58,EM71,EM84,EM97) -> #REF! | EN19: =SUM(EN32,EN45,EN58,EN71,EN84,EN97) -> #REF! | EO19: =SUM(EL19:EM19)-EN19 -> #REF! | EP19: =SUM(EP32,EP45,EP58,EP71,EP84,EP97) -> #REF! | EQ19: =SUM(EQ32,EQ45,EQ58,EQ71,EQ84,EQ97) -> #REF! | ER19: =SUM(ER32,ER45,ER58,ER71,ER84,ER97) -> #REF! | ES19: =SUM(EP19:EQ19)-ER19 -> #REF! | ET19: =SUM(ET32,ET45,ET58,ET71,ET84,ET97) -> #REF! | EU19: =SUM(EU32,EU45,EU58,EU71,EU84,EU97) -> #REF! | EX19: =SUM(EX32,EX45,EX58,EX71,EX84,EX97) -> #REF! | EY19: =SUM(EY32,EY45,EY58,EY71,EY84,EY97) -> #REF! | EZ19: =SUM(EX19:EY19) -> #REF! | FA19: =SUM(FA32,FA45,FA58,FA71,FA84,FA97) -> #REF! | FB19: =SUM(FB32,FB45,FB58,FB71,FB84,FB97) -> #REF! | FC19: =SUM(FC32,FC45,FC58,FC71,FC84,FC97) -> #REF! | FD19: =SUM(FA19:FB19)-FC19 -> #REF! | FE19: =SUM(FE32,FE45,FE58,FE71,FE84,FE97) -> #REF! | FF19: =SUM(FF32,FF45,FF58,FF71,FF84,FF97) -> #REF! | FG19: =SUM(FG32,FG45,FG58,FG71,FG84,FG97) -> #REF! | FH19: =SUM(FE19:FF19)-FG19 -> #REF! | FI19: =SUM(FI32,FI45,FI58,FI71,FI84,FI97) -> #REF! | FJ19: =SUM(FJ32,FJ45,FJ58,FJ71,FJ84,FJ97) -> #REF! | FM19: =SUM(FM32,FM45,FM58,FM71,FM84,FM97) -> #REF! | FN19: =SUM(FN32,FN45,FN58,FN71,FN84,FN97) -> #REF! | FO19: =SUM(FM19:FN19) -> #REF! | FP19: =SUM(FP32,FP45,FP58,FP71,FP84,FP97) -> #REF! | FQ19: =SUM(FQ32,FQ45,FQ58,FQ71,FQ84,FQ97) -> #REF! | FR19: =SUM(FR32,FR45,FR58,FR71,FR84,FR97) -> #REF! | FS19: =SUM(FP19:FQ19)-FR19 -> #REF! | FT19: =SUM(FT32,FT45,FT58,FT71,FT84,FT97) -> #REF! | FU19: =SUM(FU32,FU45,FU58,FU71,FU84,FU97) -> #REF! | FV19: =SUM(FV32,FV45,FV58,FV71,FV84,FV97) -> #REF! | FW19: =SUM(FT19:FU19)-FV19 -> #REF! | FX19: =SUM(FX32,FX45,FX58,FX71,FX84,FX97) -> #REF! | FY19: =SUM(FY32,FY45,FY58,FY71,FY84,FY97) -> #REF! | GB19: =SUM(GB32,GB45,GB58,GB71,GB84,GB97) -> #REF! | GC19: =SUM(GC32,GC45,GC58,GC71,GC84,GC97) -> #REF! | GD19: =SUM(GB19:GC19) -> #REF! | GE19: =SUM(GE32,GE45,GE58,GE71,GE84,GE97) -> #REF! | GF19: =SUM(GF32,GF45,GF58,GF71,GF84,GF97) -> #REF! | GG19: =SUM(GG32,GG45,GG58,GG71,GG84,GG97) -> #REF! | GH19: =SUM(GE19:GF19)-GG19 -> #REF! | GI19: =SUM(GI32,GI45,GI58,GI71,GI84,GI97) -> #REF! | GJ19: =SUM(GJ32,GJ45,GJ58,GJ71,GJ84,GJ97) -> #REF! | GK19: =SUM(GK32,GK45,GK58,GK71,GK84,GK97) -> #REF! | GL19: =SUM(GI19:GJ19)-GK19 -> #REF! | GM19: =SUM(GM32,GM45,GM58,GM71,GM84,GM97) -> #REF! | GN19: =SUM(GN32,GN45,GN58,GN71,GN84,GN97) -> #REF! | GQ19: =SUM(GQ32,GQ45,GQ58,GQ71,GQ84,GQ97) -> #REF! | GR19: =SUM(GR32,GR45,GR58,GR71,GR84,GR97) -> #REF! | GS19: =SUM(GQ19:GR19) -> #REF! | GT19: =SUM(GT32,GT45,GT58,GT71,GT84,GT97) -> #REF! | GU19: =SUM(GU32,GU45,GU58,GU71,GU84,GU97) -> #REF! | GV19: =SUM(GV32,GV45,GV58,GV71,GV84,GV97) -> #REF! | GW19: =SUM(GT19:GU19)-GV19 -> #REF! | GX19: =SUM(GX32,GX45,GX58,GX71,GX84,GX97) -> #REF! | GY19: =SUM(GY32,GY45,GY58,GY71,GY84,GY97) -> #REF! | GZ19: =SUM(GZ32,GZ45,GZ58,GZ71,GZ84,GZ97) -> #REF! | HA19: =SUM(GX19:GY19)-GZ19 -> #REF! | HB19: =SUM(HB32,HB45,HB58,HB71,HB84,HB97) -> #REF! | HC19: =SUM(HC32,HC45,HC58,HC71,HC84,HC97) -> #REF! | HF19: =SUM(HF32,HF45,HF58,HF71,HF84,HF97,#REF!,#REF!,#REF!,#REF!,#REF!,#REF!,#REF!,#REF!,#REF!,#REF!,#REF!) -> #REF! | HG19: =SUM(HG32,HG45,HG58,HG71,HG84,HG97,#REF!,#REF!,#REF!,#REF!,#REF!,#REF!,#REF!,#REF!,#REF!,#REF!,#REF!) -> #REF! | HH19: =SUM(HF19:HG19) -> #REF! | HI19: =SUM(HI32,HI45,HI58,HI71,HI84,HI97,#REF!,#REF!,#REF!,#REF!,#REF!,#REF!,#REF!,#REF!,#REF!,#REF!,#REF!) -> #REF! | HJ19: =SUM(HJ32,HJ45,HJ58,HJ71,HJ84,HJ97,#REF!,#REF!,#REF!,#REF!,#REF!,#REF!,#REF!,#REF!,#REF!,#REF!,#REF!) -> #REF! | HK19: =SUM(HK32,HK45,HK58,HK71,HK84,HK97,#REF!,#REF!,#REF!,#REF!,#REF!,#REF!,#REF!,#REF!,#REF!,#REF!,#REF!) -> #REF! | HL19: =SUM(HI19:HJ19)-HK19 -> #REF! | HM19: =SUM(HM32,HM45,HM58,HM71,HM84,HM97,#REF!,#REF!,#REF!,#REF!,#REF!,#REF!,#REF!,#REF!,#REF!,#REF!,#REF!) -> #REF! | HN19: =SUM(HN32,HN45,HN58,HN71,HN84,HN97,#REF!,#REF!,#REF!,#REF!,#REF!,#REF!,#REF!,#REF!,#REF!,#REF!,#REF!) -> #REF! | HO19: =SUM(HO32,HO45,HO58,HO71,HO84,HO97,#REF!,#REF!,#REF!,#REF!,#REF!,#REF!,#REF!,#REF!,#REF!,#REF!,#REF!) -> #REF! | HP19: =SUM(HM19:HN19)-HO19 -> #REF! | HQ19: =SUM(HQ32,HQ45,HQ58,HQ71,HQ84,HQ97,#REF!,#REF!,#REF!,#REF!,#REF!,#REF!,#REF!,#REF!,#REF!,#REF!,#REF!) -> #REF! | HR19: =SUM(HR32,HR45,HR58,HR71,HR84,HR97,#REF!,#REF!,#REF!,#REF!,#REF!,#REF!,#REF!,#REF!,#REF!,#REF!,#REF!) -> #REF! | HU19: =SUM(HU32,HU45,HU58,HU71,HU84,HU97,#REF!,#REF!,#REF!,#REF!,#REF!,#REF!,#REF!,#REF!,#REF!,#REF!,#REF!) -> #REF! | HV19: =SUM(HV32,HV45,HV58,HV71,HV84,HV97,#REF!,#REF!,#REF!,#REF!,#REF!,#REF!,#REF!,#REF!,#REF!,#REF!,#REF!) -> #REF! | HW19: =SUM(HU19:HV19) -> #REF! | HX19: =SUM(HX32,HX45,HX58,HX71,HX84,HX97,#REF!,#REF!,#REF!,#REF!,#REF!,#REF!,#REF!,#REF!,#REF!,#REF!,#REF!) -> #REF! | HY19: =SUM(HY32,HY45,HY58,HY71,HY84,HY97,#REF!,#REF!,#REF!,#REF!,#REF!,#REF!,#REF!,#REF!,#REF!,#REF!,#REF!) -> #REF! | HZ19: =SUM(HZ32,HZ45,HZ58,HZ71,HZ84,HZ97,#REF!,#REF!,#REF!,#REF!,#REF!,#REF!,#REF!,#REF!,#REF!,#REF!,#REF!) -> #REF! | IA19: =SUM(HX19:HY19)-HZ19 -> #REF! | IB19: =SUM(IB32,IB45,IB58,IB71,IB84,IB97,#REF!,#REF!,#REF!,#REF!,#REF!,#REF!,#REF!,#REF!,#REF!,#REF!,#REF!) -> #REF! | IC19: =SUM(IC32,IC45,IC58,IC71,IC84,IC97,#REF!,#REF!,#REF!,#REF!,#REF!,#REF!,#REF!,#REF!,#REF!,#REF!,#REF!) -> #REF! | ID19: =SUM(ID32,ID45,ID58,ID71,ID84,ID97,#REF!,#REF!,#REF!,#REF!,#REF!,#REF!,#REF!,#REF!,#REF!,#REF!,#REF!) -> #REF! | IE19: =SUM(IB19:IC19)-ID19 -> #REF! | IF19: =SUM(IF32,IF45,IF58,IF71,IF84,IF97,#REF!,#REF!,#REF!,#REF!,#REF!,#REF!,#REF!,#REF!,#REF!,#REF!,#REF!) -> #REF! | IG19: =SUM(IG32,IG45,IG58,IG71,IG84,IG97,#REF!,#REF!,#REF!,#REF!,#REF!,#REF!,#REF!,#REF!,#REF!,#REF!,#REF!) -> #REF! | IJ19: =SUM(IJ32,IJ45,IJ58,IJ71,IJ84,IJ97,#REF!,#REF!,#REF!,#REF!,#REF!,#REF!,#REF!,#REF!,#REF!,#REF!,#REF!) -> #REF! | IK19: =SUM(IK32,IK45,IK58,IK71,IK84,IK97,#REF!,#REF!,#REF!,#REF!,#REF!,#REF!,#REF!,#REF!,#REF!,#REF!,#REF!) -> #REF! | IL19: =SUM(IJ19:IK19) -> #REF! | IM19: =SUM(IM32,IM45,IM58,IM71,IM84,IM97,#REF!,#REF!,#REF!,#REF!,#REF!,#REF!,#REF!,#REF!,#REF!,#REF!,#REF!) -> #REF! | IN19: =SUM(IN32,IN45,IN58,IN71,IN84,IN97,#REF!,#REF!,#REF!,#REF!,#REF!,#REF!,#REF!,#REF!,#REF!,#REF!,#REF!) -> #REF! | IO19: =SUM(IO32,IO45,IO58,IO71,IO84,IO97,#REF!,#REF!,#REF!,#REF!,#REF!,#REF!,#REF!,#REF!,#REF!,#REF!,#REF!) -> #REF! | IP19: =SUM(IM19:IN19)-IO19 -> #REF! | IQ19: =SUM(IQ32,IQ45,IQ58,IQ71,IQ84,IQ97,#REF!,#REF!,#REF!,#REF!,#REF!,#REF!,#REF!,#REF!,#REF!,#REF!,#REF!) -> #REF! | IR19: =SUM(IR32,IR45,IR58,IR71,IR84,IR97,#REF!,#REF!,#REF!,#REF!,#REF!,#REF!,#REF!,#REF!,#REF!,#REF!,#REF!) -> #REF! | IS19: =SUM(IS32,IS45,IS58,IS71,IS84,IS97,#REF!,#REF!,#REF!,#REF!,#REF!,#REF!,#REF!,#REF!,#REF!,#REF!,#REF!) -> #REF! | IT19: =SUM(IQ19:IR19)-IS19 -> #REF! | IU19: =SUM(IU32,IU45,IU58,IU71,IU84,IU97,#REF!,#REF!,#REF!,#REF!,#REF!,#REF!,#REF!,#REF!,#REF!,#REF!,#REF!) -> #REF! | IV19: =SUM(IV32,IV45,IV58,IV71,IV84,IV97,#REF!,#REF!,#REF!,#REF!,#REF!,#REF!,#REF!,#REF!,#REF!,#REF!,#REF!) -> #REF! | IY19: =SUM(IY32,IY45,IY58,IY71,IY84,IY97,#REF!,#REF!,#REF!,#REF!,#REF!,#REF!,#REF!,#REF!,#REF!,#REF!,#REF!) -> #REF! | IZ19: =SUM(IZ32,IZ45,IZ58,IZ71,IZ84,IZ97,#REF!,#REF!,#REF!,#REF!,#REF!,#REF!,#REF!,#REF!,#REF!,#REF!,#REF!) -> #REF! | JA19: =SUM(IY19:IZ19) -> #REF! | JB19: =SUM(JB32,JB45,JB58,JB71,JB84,JB97,#REF!,#REF!,#REF!,#REF!,#REF!,#REF!,#REF!,#REF!,#REF!,#REF!,#REF!) -> #REF! | JC19: =SUM(JC32,JC45,JC58,JC71,JC84,JC97,#REF!,#REF!,#REF!,#REF!,#REF!,#REF!,#REF!,#REF!,#REF!,#REF!,#REF!) -> #REF! | JD19: =SUM(JD32,JD45,JD58,JD71,JD84,JD97,#REF!,#REF!,#REF!,#REF!,#REF!,#REF!,#REF!,#REF!,#REF!,#REF!,#REF!) -> #REF! | JE19: =SUM(JB19:JC19)-JD19 -> #REF! | JF19: =SUM(JF32,JF45,JF58,JF71,JF84,JF97,#REF!,#REF!,#REF!,#REF!,#REF!,#REF!,#REF!,#REF!,#REF!,#REF!,#REF!) -> #REF! | JG19: =SUM(JG32,JG45,JG58,JG71,JG84,JG97,#REF!,#REF!,#REF!,#REF!,#REF!,#REF!,#REF!,#REF!,#REF!,#REF!,#REF!) -> #REF! | JH19: =SUM(JH32,JH45,JH58,JH71,JH84,JH97,#REF!,#REF!,#REF!,#REF!,#REF!,#REF!,#REF!,#REF!,#REF!,#REF!,#REF!) -> #REF! | JI19: =SUM(JF19:JG19)-JH19 -> #REF! | JJ19: =SUM(JJ32,JJ45,JJ58,JJ71,JJ84,JJ97,#REF!,#REF!,#REF!,#REF!,#REF!,#REF!,#REF!,#REF!,#REF!,#REF!,#REF!) -> #REF! | JK19: =SUM(JK32,JK45,JK58,JK71,JK84,JK97,#REF!,#REF!,#REF!,#REF!,#REF!,#REF!,#REF!,#REF!,#REF!,#REF!,#REF!) -> #REF! | JN19: =SUM(JN32,JN45,JN58,JN71,JN84,JN97,#REF!,#REF!,#REF!,#REF!,#REF!,#REF!,#REF!,#REF!,#REF!,#REF!,#REF!) -> #REF! | JO19: =SUM(JO32,JO45,JO58,JO71,JO84,JO97,#REF!,#REF!,#REF!,#REF!,#REF!,#REF!,#REF!,#REF!,#REF!,#REF!,#REF!) -> #REF! | JP19: =SUM(JN19:JO19) -> #REF! | JQ19: =SUM(JQ32,JQ45,JQ58,JQ71,JQ84,JQ97,#REF!,#REF!,#REF!,#REF!,#REF!,#REF!,#REF!,#REF!,#REF!,#REF!,#REF!) -> #REF! | JR19: =SUM(JR32,JR45,JR58,JR71,JR84,JR97,#REF!,#REF!,#REF!,#REF!,#REF!,#REF!,#REF!,#REF!,#REF!,#REF!,#REF!) -> #REF! | JS19: =SUM(JS32,JS45,JS58,JS71,JS84,JS97,#REF!,#REF!,#REF!,#REF!,#REF!,#REF!,#REF!,#REF!,#REF!,#REF!,#REF!) -> #REF! | JT19: =SUM(JQ19:JR19)-JS19 -> #REF! | JU19: =SUM(JU32,JU45,JU58,JU71,JU84,JU97,#REF!,#REF!,#REF!,#REF!,#REF!,#REF!,#REF!,#REF!,#REF!,#REF!,#REF!) -> #REF! | JV19: =SUM(JV32,JV45,JV58,JV71,JV84,JV97,#REF!,#REF!,#REF!,#REF!,#REF!,#REF!,#REF!,#REF!,#REF!,#REF!,#REF!) -> #REF! | JW19: =SUM(JW32,JW45,JW58,JW71,JW84,JW97,#REF!,#REF!,#REF!,#REF!,#REF!,#REF!,#REF!,#REF!,#REF!,#REF!,#REF!) -> #REF! | JX19: =SUM(JU19:JV19)-JW19 -> #REF! | JY19: =SUM(JY32,JY45,JY58,JY71,JY84,JY97,#REF!,#REF!,#REF!,#REF!,#REF!,#REF!,#REF!,#REF!,#REF!,#REF!,#REF!) -> #REF! | JZ19: =SUM(JZ32,JZ45,JZ58,JZ71,JZ84,JZ97,#REF!,#REF!,#REF!,#REF!,#REF!,#REF!,#REF!,#REF!,#REF!,#REF!,#REF!) -> #REF! | KC19: =SUM(KC32,KC45,KC58,KC71,KC84,KC97,#REF!,#REF!,#REF!,#REF!,#REF!,#REF!,#REF!,#REF!,#REF!,#REF!,#REF!) -> #REF! | KD19: =SUM(KD32,KD45,KD58,KD71,KD84,KD97,#REF!,#REF!,#REF!,#REF!,#REF!,#REF!,#REF!,#REF!,#REF!,#REF!,#REF!) -> #REF! | KE19: =SUM(KC19:KD19) -> #REF! | KF19: =SUM(KF32,KF45,KF58,KF71,KF84,KF97,#REF!,#REF!,#REF!,#REF!,#REF!,#REF!,#REF!,#REF!,#REF!,#REF!,#REF!) -> #REF! | KG19: =SUM(KG32,KG45,KG58,KG71,KG84,KG97,#REF!,#REF!,#REF!,#REF!,#REF!,#REF!,#REF!,#REF!,#REF!,#REF!,#REF!) -> #REF! | KH19: =SUM(KH32,KH45,KH58,KH71,KH84,KH97,#REF!,#REF!,#REF!,#REF!,#REF!,#REF!,#REF!,#REF!,#REF!,#REF!,#REF!) -> #REF! | KI19: =SUM(KF19:KG19)-KH19 -> #REF! | KJ19: =SUM(KJ32,KJ45,KJ58,KJ71,KJ84,KJ97,#REF!,#REF!,#REF!,#REF!,#REF!,#REF!,#REF!,#REF!,#REF!,#REF!,#REF!) -> #REF! | KK19: =SUM(KK32,KK45,KK58,KK71,KK84,KK97,#REF!,#REF!,#REF!,#REF!,#REF!,#REF!,#REF!,#REF!,#REF!,#REF!,#REF!) -> #REF! | KL19: =SUM(KL32,KL45,KL58,KL71,KL84,KL97,#REF!,#REF!,#REF!,#REF!,#REF!,#REF!,#REF!,#REF!,#REF!,#REF!,#REF!) -> #REF! | KM19: =SUM(KJ19:KK19)-KL19 -> #REF! | KN19: =SUM(KN32,KN45,KN58,KN71,KN84,KN97,#REF!,#REF!,#REF!,#REF!,#REF!,#REF!,#REF!,#REF!,#REF!,#REF!,#REF!) -> #REF! | KO19: =SUM(KO32,KO45,KO58,KO71,KO84,KO97,#REF!,#REF!,#REF!,#REF!,#REF!,#REF!,#REF!,#REF!,#REF!,#REF!,#REF!) -> #REF! | KR19: =SUM(KR32,KR45,KR58,KR71,KR84,KR97,#REF!,#REF!,#REF!,#REF!,#REF!,#REF!,#REF!,#REF!,#REF!,#REF!,#REF!) -> #REF! | KS19: =SUM(KS32,KS45,KS58,KS71,KS84,KS97,#REF!,#REF!,#REF!,#REF!,#REF!,#REF!,#REF!,#REF!,#REF!,#REF!,#REF!) -> #REF! | KT19: =SUM(KR19:KS19) -> #REF! | KU19: =SUM(KU32,KU45,KU58,KU71,KU84,KU97,#REF!,#REF!,#REF!,#REF!,#REF!,#REF!,#REF!,#REF!,#REF!,#REF!,#REF!) -> #REF! | KV19: =SUM(KV32,KV45,KV58,KV71,KV84,KV97,#REF!,#REF!,#REF!,#REF!,#REF!,#REF!,#REF!,#REF!,#REF!,#REF!,#REF!) -> #REF! | KW19: =SUM(KW32,KW45,KW58,KW71,KW84,KW97,#REF!,#REF!,#REF!,#REF!,#REF!,#REF!,#REF!,#REF!,#REF!,#REF!,#REF!) -> #REF! | KX19: =SUM(KU19:KV19)-KW19 -> #REF! | KY19: =SUM(KY32,KY45,KY58,KY71,KY84,KY97,#REF!,#REF!,#REF!,#REF!,#REF!,#REF!,#REF!,#REF!,#REF!,#REF!,#REF!) -> #REF! | KZ19: =SUM(KZ32,KZ45,KZ58,KZ71,KZ84,KZ97,#REF!,#REF!,#REF!,#REF!,#REF!,#REF!,#REF!,#REF!,#REF!,#REF!,#REF!) -> #REF! | LA19: =SUM(LA32,LA45,LA58,LA71,LA84,LA97,#REF!,#REF!,#REF!,#REF!,#REF!,#REF!,#REF!,#REF!,#REF!,#REF!,#REF!) -> #REF! | LB19: =SUM(KY19:KZ19)-LA19 -> #REF! | LC19: =SUM(LC32,LC45,LC58,LC71,LC84,LC97,#REF!,#REF!,#REF!,#REF!,#REF!,#REF!,#REF!,#REF!,#REF!,#REF!,#REF!) -> #REF! | LD19: =SUM(LD32,LD45,LD58,LD71,LD84,LD97,#REF!,#REF!,#REF!,#REF!,#REF!,#REF!,#REF!,#REF!,#REF!,#REF!,#REF!) -> #REF! | LG19: =SUM(LG32,LG45,LG58,LG71,LG84,LG97,#REF!,#REF!,#REF!,#REF!,#REF!,#REF!,#REF!,#REF!,#REF!,#REF!,#REF!) -> #REF! | LH19: =SUM(LH32,LH45,LH58,LH71,LH84,LH97,#REF!,#REF!,#REF!,#REF!,#REF!,#REF!,#REF!,#REF!,#REF!,#REF!,#REF!) -> #REF! | LI19: =SUM(LG19:LH19) -> #REF! | LJ19: =SUM(LJ32,LJ45,LJ58,LJ71,LJ84,LJ97,#REF!,#REF!,#REF!,#REF!,#REF!,#REF!,#REF!,#REF!,#REF!,#REF!,#REF!) -> #REF! | LK19: =SUM(LK32,LK45,LK58,LK71,LK84,LK97,#REF!,#REF!,#REF!,#REF!,#REF!,#REF!,#REF!,#REF!,#REF!,#REF!,#REF!) -> #REF! | LL19: =SUM(LL32,LL45,LL58,LL71,LL84,LL97,#REF!,#REF!,#REF!,#REF!,#REF!,#REF!,#REF!,#REF!,#REF!,#REF!,#REF!) -> #REF! | LM19: =SUM(LJ19:LK19)-LL19 -> #REF! | LN19: =SUM(LN32,LN45,LN58,LN71,LN84,LN97,#REF!,#REF!,#REF!,#REF!,#REF!,#REF!,#REF!,#REF!,#REF!,#REF!,#REF!) -> #REF! | LO19: =SUM(LO32,LO45,LO58,LO71,LO84,LO97,#REF!,#REF!,#REF!,#REF!,#REF!,#REF!,#REF!,#REF!,#REF!,#REF!,#REF!) -> #REF! | LP19: =SUM(LP32,LP45,LP58,LP71,LP84,LP97,#REF!,#REF!,#REF!,#REF!,#REF!,#REF!,#REF!,#REF!,#REF!,#REF!,#REF!) -> #REF! | LQ19: =SUM(LN19:LO19)-LP19 -> #REF! | LR19: =SUM(LR32,LR45,LR58,LR71,LR84,LR97,#REF!,#REF!,#REF!,#REF!,#REF!,#REF!,#REF!,#REF!,#REF!,#REF!,#REF!) -> #REF! | LS19: =SUM(LS32,LS45,LS58,LS71,LS84,LS97,#REF!,#REF!,#REF!,#REF!,#REF!,#REF!,#REF!,#REF!,#REF!,#REF!,#REF!) -> #REF! | LV19: =SUM(LV32,LV45,LV58,LV71,LV84,LV97,#REF!,#REF!,#REF!,#REF!,#REF!,#REF!,#REF!,#REF!,#REF!,#REF!,#REF!) -> #REF! | LW19: =SUM(LW32,LW45,LW58,LW71,LW84,LW97,#REF!,#REF!,#REF!,#REF!,#REF!,#REF!,#REF!,#REF!,#REF!,#REF!,#REF!) -> #REF! | LX19: =SUM(LV19:LW19) -> #REF! | LY19: =SUM(LY32,LY45,LY58,LY71,LY84,LY97,#REF!,#REF!,#REF!,#REF!,#REF!,#REF!,#REF!,#REF!,#REF!,#REF!,#REF!) -> #REF! | LZ19: =SUM(LZ32,LZ45,LZ58,LZ71,LZ84,LZ97,#REF!,#REF!,#REF!,#REF!,#REF!,#REF!,#REF!,#REF!,#REF!,#REF!,#REF!) -> #REF! | MA19: =SUM(MA32,MA45,MA58,MA71,MA84,MA97,#REF!,#REF!,#REF!,#REF!,#REF!,#REF!,#REF!,#REF!,#REF!,#REF!,#REF!) -> #REF! | MB19: =SUM(LY19:LZ19)-MA19 -> #REF! | MC19: =SUM(MC32,MC45,MC58,MC71,MC84,MC97,#REF!,#REF!,#REF!,#REF!,#REF!,#REF!,#REF!,#REF!,#REF!,#REF!,#REF!) -> #REF! | MD19: =SUM(MD32,MD45,MD58,MD71,MD84,MD97,#REF!,#REF!,#REF!,#REF!,#REF!,#REF!,#REF!,#REF!,#REF!,#REF!,#REF!) -> #REF! | ME19: =SUM(ME32,ME45,ME58,ME71,ME84,ME97,#REF!,#REF!,#REF!,#REF!,#REF!,#REF!,#REF!,#REF!,#REF!,#REF!,#REF!) -> #REF! | MF19: =SUM(MC19:MD19)-ME19 -> #REF! | MG19: =SUM(MG32,MG45,MG58,MG71,MG84,MG97,#REF!,#REF!,#REF!,#REF!,#REF!,#REF!,#REF!,#REF!,#REF!,#REF!,#REF!) -> #REF! | MH19: =SUM(MH32,MH45,MH58,MH71,MH84,MH97,#REF!,#REF!,#REF!,#REF!,#REF!,#REF!,#REF!,#REF!,#REF!,#REF!,#REF!) -> #REF! | MK19: =SUM(MK32,MK45,MK58,MK71,MK84,MK97,#REF!,#REF!,#REF!,#REF!,#REF!,#REF!,#REF!,#REF!,#REF!,#REF!,#REF!) -> #REF! | ML19: =SUM(ML32,ML45,ML58,ML71,ML84,ML97,#REF!,#REF!,#REF!,#REF!,#REF!,#REF!,#REF!,#REF!,#REF!,#REF!,#REF!) -> #REF! | MM19: =SUM(MK19:ML19) -> #REF! | MN19: =SUM(MN32,MN45,MN58,MN71,MN84,MN97,#REF!,#REF!,#REF!,#REF!,#REF!,#REF!,#REF!,#REF!,#REF!,#REF!,#REF!) -> #REF! | MO19: =SUM(MO32,MO45,MO58,MO71,MO84,MO97,#REF!,#REF!,#REF!,#REF!,#REF!,#REF!,#REF!,#REF!,#REF!,#REF!,#REF!) -> #REF! | MP19: =SUM(MP32,MP45,MP58,MP71,MP84,MP97,#REF!,#REF!,#REF!,#REF!,#REF!,#REF!,#REF!,#REF!,#REF!,#REF!,#REF!) -> #REF! | MQ19: =SUM(MN19:MO19)-MP19 -> #REF! | MR19: =SUM(MR32,MR45,MR58,MR71,MR84,MR97,#REF!,#REF!,#REF!,#REF!,#REF!,#REF!,#REF!,#REF!,#REF!,#REF!,#REF!) -> #REF! | MS19: =SUM(MS32,MS45,MS58,MS71,MS84,MS97,#REF!,#REF!,#REF!,#REF!,#REF!,#REF!,#REF!,#REF!,#REF!,#REF!,#REF!) -> #REF! | MT19: =SUM(MT32,MT45,MT58,MT71,MT84,MT97,#REF!,#REF!,#REF!,#REF!,#REF!,#REF!,#REF!,#REF!,#REF!,#REF!,#REF!) -> #REF! | MU19: =SUM(MR19:MS19)-MT19 -> #REF! | MV19: =SUM(MV32,MV45,MV58,MV71,MV84,MV97,#REF!,#REF!,#REF!,#REF!,#REF!,#REF!,#REF!,#REF!,#REF!,#REF!,#REF!) -> #REF! | MW19: =SUM(MW32,MW45,MW58,MW71,MW84,MW97,#REF!,#REF!,#REF!,#REF!,#REF!,#REF!,#REF!,#REF!,#REF!,#REF!,#REF!) -> #REF! | MZ19: =SUM(MZ32,MZ45,MZ58,MZ71,MZ84,MZ97,#REF!,#REF!,#REF!,#REF!,#REF!,#REF!,#REF!,#REF!,#REF!,#REF!,#REF!) -> #REF! | NA19: =SUM(NA32,NA45,NA58,NA71,NA84,NA97,#REF!,#REF!,#REF!,#REF!,#REF!,#REF!,#REF!,#REF!,#REF!,#REF!,#REF!) -> #REF! | NB19: =SUM(MZ19:NA19) -> #REF! | NC19: =SUM(NC32,NC45,NC58,NC71,NC84,NC97,#REF!,#REF!,#REF!,#REF!,#REF!,#REF!,#REF!,#REF!,#REF!,#REF!,#REF!) -> #REF! | ND19: =SUM(ND32,ND45,ND58,ND71,ND84,ND97,#REF!,#REF!,#REF!,#REF!,#REF!,#REF!,#REF!,#REF!,#REF!,#REF!,#REF!) -> #REF! | NE19: =SUM(NE32,NE45,NE58,NE71,NE84,NE97,#REF!,#REF!,#REF!,#REF!,#REF!,#REF!,#REF!,#REF!,#REF!,#REF!,#REF!) -> #REF! | NF19: =SUM(NC19:ND19)-NE19 -> #REF! | NG19: =SUM(NG32,NG45,NG58,NG71,NG84,NG97,#REF!,#REF!,#REF!,#REF!,#REF!,#REF!,#REF!,#REF!,#REF!,#REF!,#REF!) -> #REF! | NH19: =SUM(NH32,NH45,NH58,NH71,NH84,NH97,#REF!,#REF!,#REF!,#REF!,#REF!,#REF!,#REF!,#REF!,#REF!,#REF!,#REF!) -> #REF! | NI19: =SUM(NI32,NI45,NI58,NI71,NI84,NI97,#REF!,#REF!,#REF!,#REF!,#REF!,#REF!,#REF!,#REF!,#REF!,#REF!,#REF!) -> #REF! | NJ19: =SUM(NG19:NH19)-NI19 -> #REF! | NK19: =SUM(NK32,NK45,NK58,NK71,NK84,NK97,#REF!,#REF!,#REF!,#REF!,#REF!,#REF!,#REF!,#REF!,#REF!,#REF!,#REF!) -> #REF! | NL19: =SUM(NL32,NL45,NL58,NL71,NL84,NL97,#REF!,#REF!,#REF!,#REF!,#REF!,#REF!,#REF!,#REF!,#REF!,#REF!,#REF!) -> #REF! | NO19: =SUM(NO32,NO45,NO58,NO71,NO84,NO97,#REF!,#REF!,#REF!,#REF!,#REF!,#REF!,#REF!,#REF!,#REF!,#REF!,#REF!) -> #REF! | NP19: =SUM(NP32,NP45,NP58,NP71,NP84,NP97,#REF!,#REF!,#REF!,#REF!,#REF!,#REF!,#REF!,#REF!,#REF!,#REF!,#REF!) -> #REF! | NQ19: =SUM(NO19:NP19) -> #REF! | NR19: =SUM(NR32,NR45,NR58,NR71,NR84,NR97,#REF!,#REF!,#REF!,#REF!,#REF!,#REF!,#REF!,#REF!,#REF!,#REF!,#REF!) -> #REF! | NS19: =SUM(NS32,NS45,NS58,NS71,NS84,NS97,#REF!,#REF!,#REF!,#REF!,#REF!,#REF!,#REF!,#REF!,#REF!,#REF!,#REF!) -> #REF! | NT19: =SUM(NT32,NT45,NT58,NT71,NT84,NT97,#REF!,#REF!,#REF!,#REF!,#REF!,#REF!,#REF!,#REF!,#REF!,#REF!,#REF!) -> #REF! | NU19: =SUM(NR19:NS19)-NT19 -> #REF! | NV19: =SUM(NV32,NV45,NV58,NV71,NV84,NV97,#REF!,#REF!,#REF!,#REF!,#REF!,#REF!,#REF!,#REF!,#REF!,#REF!,#REF!) -> #REF! | NW19: =SUM(NW32,NW45,NW58,NW71,NW84,NW97,#REF!,#REF!,#REF!,#REF!,#REF!,#REF!,#REF!,#REF!,#REF!,#REF!,#REF!) -> #REF! | NX19: =SUM(NX32,NX45,NX58,NX71,NX84,NX97,#REF!,#REF!,#REF!,#REF!,#REF!,#REF!,#REF!,#REF!,#REF!,#REF!,#REF!) -> #REF! | NY19: =SUM(NV19:NW19)-NX19 -> #REF! | NZ19: =SUM(NZ32,NZ45,NZ58,NZ71,NZ84,NZ97,#REF!,#REF!,#REF!,#REF!,#REF!,#REF!,#REF!,#REF!,#REF!,#REF!,#REF!) -> #REF! | OA19: =SUM(OA32,OA45,OA58,OA71,OA84,OA97,#REF!,#REF!,#REF!,#REF!,#REF!,#REF!,#REF!,#REF!,#REF!,#REF!,#REF!) -> #REF! | OD19: =SUM(OD32,OD45,OD58,OD71,OD84,OD97,#REF!,#REF!,#REF!,#REF!,#REF!,#REF!,#REF!,#REF!,#REF!,#REF!,#REF!) -> #REF! | OE19: =SUM(OE32,OE45,OE58,OE71,OE84,OE97,#REF!,#REF!,#REF!,#REF!,#REF!,#REF!,#REF!,#REF!,#REF!,#REF!,#REF!) -> #REF! | OF19: =SUM(OD19:OE19) -> #REF! | OG19: =SUM(OG32,OG45,OG58,OG71,OG84,OG97,#REF!,#REF!,#REF!,#REF!,#REF!,#REF!,#REF!,#REF!,#REF!,#REF!,#REF!) -> #REF! | OH19: =SUM(OH32,OH45,OH58,OH71,OH84,OH97,#REF!,#REF!,#REF!,#REF!,#REF!,#REF!,#REF!,#REF!,#REF!,#REF!,#REF!) -> #REF! | OI19: =SUM(OI32,OI45,OI58,OI71,OI84,OI97,#REF!,#REF!,#REF!,#REF!,#REF!,#REF!,#REF!,#REF!,#REF!,#REF!,#REF!) -> #REF! | OJ19: =SUM(OG19:OH19)-OI19 -> #REF! | OK19: =SUM(OK32,OK45,OK58,OK71,OK84,OK97,#REF!,#REF!,#REF!,#REF!,#REF!,#REF!,#REF!,#REF!,#REF!,#REF!,#REF!) -> #REF! | OL19: =SUM(OL32,OL45,OL58,OL71,OL84,OL97,#REF!,#REF!,#REF!,#REF!,#REF!,#REF!,#REF!,#REF!,#REF!,#REF!,#REF!) -> #REF! | OM19: =SUM(OM32,OM45,OM58,OM71,OM84,OM97,#REF!,#REF!,#REF!,#REF!,#REF!,#REF!,#REF!,#REF!,#REF!,#REF!,#REF!) -> #REF! | ON19: =SUM(OK19:OL19)-OM19 -> #REF! | OO19: =SUM(OO32,OO45,OO58,OO71,OO84,OO97,#REF!,#REF!,#REF!,#REF!,#REF!,#REF!,#REF!,#REF!,#REF!,#REF!,#REF!) -> #REF! | OP19: =SUM(OP32,OP45,OP58,OP71,OP84,OP97,#REF!,#REF!,#REF!,#REF!,#REF!,#REF!,#REF!,#REF!,#REF!,#REF!,#REF!) -> #REF! | OS19: =SUM(OS32,OS45,OS58,OS71,OS84,OS97,#REF!,#REF!,#REF!,#REF!,#REF!,#REF!,#REF!,#REF!,#REF!,#REF!,#REF!) -> #REF! | OT19: =SUM(OT32,OT45,OT58,OT71,OT84,OT97,#REF!,#REF!,#REF!,#REF!,#REF!,#REF!,#REF!,#REF!,#REF!,#REF!,#REF!) -> #REF! | OU19: =SUM(OS19:OT19) -> #REF! | OV19: =SUM(OV32,OV45,OV58,OV71,OV84,OV97,#REF!,#REF!,#REF!,#REF!,#REF!,#REF!,#REF!,#REF!,#REF!,#REF!,#REF!) -> #REF! | OW19: =SUM(OW32,OW45,OW58,OW71,OW84,OW97,#REF!,#REF!,#REF!,#REF!,#REF!,#REF!,#REF!,#REF!,#REF!,#REF!,#REF!) -> #REF! | OX19: =SUM(OX32,OX45,OX58,OX71,OX84,OX97,#REF!,#REF!,#REF!,#REF!,#REF!,#REF!,#REF!,#REF!,#REF!,#REF!,#REF!) -> #REF! | OY19: =SUM(OV19:OW19)-OX19 -> #REF! | OZ19: =SUM(OZ32,OZ45,OZ58,OZ71,OZ84,OZ97,#REF!,#REF!,#REF!,#REF!,#REF!,#REF!,#REF!,#REF!,#REF!,#REF!,#REF!) -> #REF! | PA19: =SUM(PA32,PA45,PA58,PA71,PA84,PA97,#REF!,#REF!,#REF!,#REF!,#REF!,#REF!,#REF!,#REF!,#REF!,#REF!,#REF!) -> #REF! | PB19: =SUM(PB32,PB45,PB58,PB71,PB84,PB97,#REF!,#REF!,#REF!,#REF!,#REF!,#REF!,#REF!,#REF!,#REF!,#REF!,#REF!) -> #REF! | PC19: =SUM(OZ19:PA19)-PB19 -> #REF! | PD19: =SUM(PD32,PD45,PD58,PD71,PD84,PD97,#REF!,#REF!,#REF!,#REF!,#REF!,#REF!,#REF!,#REF!,#REF!,#REF!,#REF!) -> #REF! | PE19: =SUM(PE32,PE45,PE58,PE71,PE84,PE97,#REF!,#REF!,#REF!,#REF!,#REF!,#REF!,#REF!,#REF!,#REF!,#REF!,#REF!) -> #REF! | PH19: =SUM(PH32,PH45,PH58,PH71,PH84,PH97,#REF!,#REF!,#REF!,#REF!,#REF!,#REF!,#REF!,#REF!,#REF!,#REF!,#REF!) -> #REF! | PI19: =SUM(PI32,PI45,PI58,PI71,PI84,PI97,#REF!,#REF!,#REF!,#REF!,#REF!,#REF!,#REF!,#REF!,#REF!,#REF!,#REF!) -> #REF! | PJ19: =SUM(PH19:PI19) -> #REF! | PK19: =SUM(PK32,PK45,PK58,PK71,PK84,PK97,#REF!,#REF!,#REF!,#REF!,#REF!,#REF!,#REF!,#REF!,#REF!,#REF!,#REF!) -> #REF! | PL19: =SUM(PL32,PL45,PL58,PL71,PL84,PL97,#REF!,#REF!,#REF!,#REF!,#REF!,#REF!,#REF!,#REF!,#REF!,#REF!,#REF!) -> #REF! | PM19: =SUM(PM32,PM45,PM58,PM71,PM84,PM97,#REF!,#REF!,#REF!,#REF!,#REF!,#REF!,#REF!,#REF!,#REF!,#REF!,#REF!) -> #REF! | PN19: =SUM(PK19:PL19)-PM19 -> #REF! | PO19: =SUM(PO32,PO45,PO58,PO71,PO84,PO97,#REF!,#REF!,#REF!,#REF!,#REF!,#REF!,#REF!,#REF!,#REF!,#REF!,#REF!) -> #REF! | PP19: =SUM(PP32,PP45,PP58,PP71,PP84,PP97,#REF!,#REF!,#REF!,#REF!,#REF!,#REF!,#REF!,#REF!,#REF!,#REF!,#REF!) -> #REF! | PQ19: =SUM(PQ32,PQ45,PQ58,PQ71,PQ84,PQ97,#REF!,#REF!,#REF!,#REF!,#REF!,#REF!,#REF!,#REF!,#REF!,#REF!,#REF!) -> #REF! | PR19: =SUM(PO19:PP19)-PQ19 -> #REF! | PS19: =SUM(PS32,PS45,PS58,PS71,PS84,PS97,#REF!,#REF!,#REF!,#REF!,#REF!,#REF!,#REF!,#REF!,#REF!,#REF!,#REF!) -> #REF! | PT19: =SUM(PT32,PT45,PT58,PT71,PT84,PT97,#REF!,#REF!,#REF!,#REF!,#REF!,#REF!,#REF!,#REF!,#REF!,#REF!,#REF!) -> #REF! | PW19: =SUM(PW32,PW45,PW58,PW71,PW84,PW97,#REF!,#REF!,#REF!,#REF!,#REF!,#REF!,#REF!,#REF!,#REF!,#REF!,#REF!) -> #REF! | PX19: =SUM(PX32,PX45,PX58,PX71,PX84,PX97,#REF!,#REF!,#REF!,#REF!,#REF!,#REF!,#REF!,#REF!,#REF!,#REF!,#REF!) -> #REF! | PY19: =SUM(PW19:PX19) -> #REF! | PZ19: =SUM(PZ32,PZ45,PZ58,PZ71,PZ84,PZ97,#REF!,#REF!,#REF!,#REF!,#REF!,#REF!,#REF!,#REF!,#REF!,#REF!,#REF!) -> #REF! | QA19: =SUM(QA32,QA45,QA58,QA71,QA84,QA97,#REF!,#REF!,#REF!,#REF!,#REF!,#REF!,#REF!,#REF!,#REF!,#REF!,#REF!) -> #REF! | QB19: =SUM(QB32,QB45,QB58,QB71,QB84,QB97,#REF!,#REF!,#REF!,#REF!,#REF!,#REF!,#REF!,#REF!,#REF!,#REF!,#REF!) -> #REF! | QC19: =SUM(PZ19:QA19)-QB19 -> #REF! | QD19: =SUM(QD32,QD45,QD58,QD71,QD84,QD97,#REF!,#REF!,#REF!,#REF!,#REF!,#REF!,#REF!,#REF!,#REF!,#REF!,#REF!) -> #REF! | QE19: =SUM(QE32,QE45,QE58,QE71,QE84,QE97,#REF!,#REF!,#REF!,#REF!,#REF!,#REF!,#REF!,#REF!,#REF!,#REF!,#REF!) -> #REF! | QF19: =SUM(QF32,QF45,QF58,QF71,QF84,QF97,#REF!,#REF!,#REF!,#REF!,#REF!,#REF!,#REF!,#REF!,#REF!,#REF!,#REF!) -> #REF! | QG19: =SUM(QD19:QE19)-QF19 -> #REF! | QH19: =SUM(QH32,QH45,QH58,QH71,QH84,QH97,#REF!,#REF!,#REF!,#REF!,#REF!,#REF!,#REF!,#REF!,#REF!,#REF!,#REF!) -> #REF! | QI19: =SUM(QI32,QI45,QI58,QI71,QI84,QI97,#REF!,#REF!,#REF!,#REF!,#REF!,#REF!,#REF!,#REF!,#REF!,#REF!,#REF!) -> #REF! | QL19: =SUM(QL32,QL45,QL58,QL71,QL84,QL97,#REF!,#REF!,#REF!,#REF!,#REF!,#REF!,#REF!,#REF!,#REF!,#REF!,#REF!) -> #REF! | QM19: =SUM(QM32,QM45,QM58,QM71,QM84,QM97,#REF!,#REF!,#REF!,#REF!,#REF!,#REF!,#REF!,#REF!,#REF!,#REF!,#REF!) -> #REF! | QN19: =SUM(QL19:QM19) -> #REF! | QO19: =SUM(QO32,QO45,QO58,QO71,QO84,QO97,#REF!,#REF!,#REF!,#REF!,#REF!,#REF!,#REF!,#REF!,#REF!,#REF!,#REF!) -> #REF! | QP19: =SUM(QP32,QP45,QP58,QP71,QP84,QP97,#REF!,#REF!,#REF!,#REF!,#REF!,#REF!,#REF!,#REF!,#REF!,#REF!,#REF!) -> #REF! | QQ19: =SUM(QQ32,QQ45,QQ58,QQ71,QQ84,QQ97,#REF!,#REF!,#REF!,#REF!,#REF!,#REF!,#REF!,#REF!,#REF!,#REF!,#REF!) -> #REF! | QR19: =SUM(QO19:QP19)-QQ19 -> #REF! | QS19: =SUM(QS32,QS45,QS58,QS71,QS84,QS97,#REF!,#REF!,#REF!,#REF!,#REF!,#REF!,#REF!,#REF!,#REF!,#REF!,#REF!) -> #REF! | QT19: =SUM(QT32,QT45,QT58,QT71,QT84,QT97,#REF!,#REF!,#REF!,#REF!,#REF!,#REF!,#REF!,#REF!,#REF!,#REF!,#REF!) -> #REF! | QU19: =SUM(QU32,QU45,QU58,QU71,QU84,QU97,#REF!,#REF!,#REF!,#REF!,#REF!,#REF!,#REF!,#REF!,#REF!,#REF!,#REF!) -> #REF! | QV19: =SUM(QS19:QT19)-QU19 -> #REF! | QW19: =SUM(QW32,QW45,QW58,QW71,QW84,QW97,#REF!,#REF!,#REF!,#REF!,#REF!,#REF!,#REF!,#REF!,#REF!,#REF!,#REF!) -> #REF! | QX19: =SUM(QX32,QX45,QX58,QX71,QX84,QX97,#REF!,#REF!,#REF!,#REF!,#REF!,#REF!,#REF!,#REF!,#REF!,#REF!,#REF!) -> #REF! | RA19: =SUM(RA32,RA45,RA58,RA71,RA84,RA97,#REF!,#REF!,#REF!,#REF!,#REF!,#REF!,#REF!,#REF!,#REF!,#REF!,#REF!) -> #REF! | RB19: =SUM(RB32,RB45,RB58,RB71,RB84,RB97,#REF!,#REF!,#REF!,#REF!,#REF!,#REF!,#REF!,#REF!,#REF!,#REF!,#REF!) -> #REF! | RC19: =SUM(RA19:RB19) -> #REF! | RD19: =SUM(RD32,RD45,RD58,RD71,RD84,RD97,#REF!,#REF!,#REF!,#REF!,#REF!,#REF!,#REF!,#REF!,#REF!,#REF!,#REF!) -> #REF! | RE19: =SUM(RE32,RE45,RE58,RE71,RE84,RE97,#REF!,#REF!,#REF!,#REF!,#REF!,#REF!,#REF!,#REF!,#REF!,#REF!,#REF!) -> #REF! | RF19: =SUM(RF32,RF45,RF58,RF71,RF84,RF97,#REF!,#REF!,#REF!,#REF!,#REF!,#REF!,#REF!,#REF!,#REF!,#REF!,#REF!) -> #REF! | RG19: =SUM(RD19:RE19)-RF19 -> #REF! | RH19: =SUM(RH32,RH45,RH58,RH71,RH84,RH97,#REF!,#REF!,#REF!,#REF!,#REF!,#REF!,#REF!,#REF!,#REF!,#REF!,#REF!) -> #REF! | RI19: =SUM(RI32,RI45,RI58,RI71,RI84,RI97,#REF!,#REF!,#REF!,#REF!,#REF!,#REF!,#REF!,#REF!,#REF!,#REF!,#REF!) -> #REF! | RJ19: =SUM(RJ32,RJ45,RJ58,RJ71,RJ84,RJ97,#REF!,#REF!,#REF!,#REF!,#REF!,#REF!,#REF!,#REF!,#REF!,#REF!,#REF!) -> #REF! | RK19: =SUM(RH19:RI19)-RJ19 -> #REF! | RL19: =SUM(RL32,RL45,RL58,RL71,RL84,RL97,#REF!,#REF!,#REF!,#REF!,#REF!,#REF!,#REF!,#REF!,#REF!,#REF!,#REF!) -> #REF! | RM19: =SUM(RM32,RM45,RM58,RM71,RM84,RM97,#REF!,#REF!,#REF!,#REF!,#REF!,#REF!,#REF!,#REF!,#REF!,#REF!,#REF!) -> #REF! | RP19: =SUM(RP32,RP45,RP58,RP71,RP84,RP97,#REF!,#REF!,#REF!,#REF!,#REF!,#REF!,#REF!,#REF!,#REF!,#REF!,#REF!) -> #REF! | RQ19: =SUM(RQ32,RQ45,RQ58,RQ71,RQ84,RQ97,#REF!,#REF!,#REF!,#REF!,#REF!,#REF!,#REF!,#REF!,#REF!,#REF!,#REF!) -> #REF! | RR19: =SUM(RP19:RQ19) -> #REF! | RS19: =SUM(RS32,RS45,RS58,RS71,RS84,RS97,#REF!,#REF!,#REF!,#REF!,#REF!,#REF!,#REF!,#REF!,#REF!,#REF!,#REF!) -> #REF! | RT19: =SUM(RT32,RT45,RT58,RT71,RT84,RT97,#REF!,#REF!,#REF!,#REF!,#REF!,#REF!,#REF!,#REF!,#REF!,#REF!,#REF!) -> #REF! | RU19: =SUM(RU32,RU45,RU58,RU71,RU84,RU97,#REF!,#REF!,#REF!,#REF!,#REF!,#REF!,#REF!,#REF!,#REF!,#REF!,#REF!) -> #REF! | RV19: =SUM(RS19:RT19)-RU19 -> #REF! | RW19: =SUM(RW32,RW45,RW58,RW71,RW84,RW97,#REF!,#REF!,#REF!,#REF!,#REF!,#REF!,#REF!,#REF!,#REF!,#REF!,#REF!) -> #REF! | RX19: =SUM(RX32,RX45,RX58,RX71,RX84,RX97,#REF!,#REF!,#REF!,#REF!,#REF!,#REF!,#REF!,#REF!,#REF!,#REF!,#REF!) -> #REF! | RY19: =SUM(RY32,RY45,RY58,RY71,RY84,RY97,#REF!,#REF!,#REF!,#REF!,#REF!,#REF!,#REF!,#REF!,#REF!,#REF!,#REF!) -> #REF! | RZ19: =SUM(RW19:RX19)-RY19 -> #REF! | SA19: =SUM(SA32,SA45,SA58,SA71,SA84,SA97,#REF!,#REF!,#REF!,#REF!,#REF!,#REF!,#REF!,#REF!,#REF!,#REF!,#REF!) -> #REF! | SB19: =SUM(SB32,SB45,SB58,SB71,SB84,SB97,#REF!,#REF!,#REF!,#REF!,#REF!,#REF!,#REF!,#REF!,#REF!,#REF!,#REF!) -> #REF! | SE19: =SUM(SE32,SE45,SE58,SE71,SE84,SE97,#REF!,#REF!,#REF!,#REF!,#REF!,#REF!,#REF!,#REF!,#REF!,#REF!,#REF!) -> #REF! | SF19: =SUM(SF32,SF45,SF58,SF71,SF84,SF97,#REF!,#REF!,#REF!,#REF!,#REF!,#REF!,#REF!,#REF!,#REF!,#REF!,#REF!) -> #REF! | SG19: =SUM(SE19:SF19) -> #REF! | SH19: =SUM(SH32,SH45,SH58,SH71,SH84,SH97,#REF!,#REF!,#REF!,#REF!,#REF!,#REF!,#REF!,#REF!,#REF!,#REF!,#REF!) -> #REF! | SI19: =SUM(SI32,SI45,SI58,SI71,SI84,SI97,#REF!,#REF!,#REF!,#REF!,#REF!,#REF!,#REF!,#REF!,#REF!,#REF!,#REF!) -> #REF! | SJ19: =SUM(SJ32,SJ45,SJ58,SJ71,SJ84,SJ97,#REF!,#REF!,#REF!,#REF!,#REF!,#REF!,#REF!,#REF!,#REF!,#REF!,#REF!) -> #REF! | SK19: =SUM(SH19:SI19)-SJ19 -> #REF! | SL19: =SUM(SL32,SL45,SL58,SL71,SL84,SL97,#REF!,#REF!,#REF!,#REF!,#REF!,#REF!,#REF!,#REF!,#REF!,#REF!,#REF!) -> #REF! | SM19: =SUM(SM32,SM45,SM58,SM71,SM84,SM97,#REF!,#REF!,#REF!,#REF!,#REF!,#REF!,#REF!,#REF!,#REF!,#REF!,#REF!) -> #REF! | SN19: =SUM(SN32,SN45,SN58,SN71,SN84,SN97,#REF!,#REF!,#REF!,#REF!,#REF!,#REF!,#REF!,#REF!,#REF!,#REF!,#REF!) -> #REF! | SO19: =SUM(SL19:SM19)-SN19 -> #REF! | SP19: =SUM(SP32,SP45,SP58,SP71,SP84,SP97,#REF!,#REF!,#REF!,#REF!,#REF!,#REF!,#REF!,#REF!,#REF!,#REF!,#REF!) -> #REF! | SQ19: =SUM(SQ32,SQ45,SQ58,SQ71,SQ84,SQ97,#REF!,#REF!,#REF!,#REF!,#REF!,#REF!,#REF!,#REF!,#REF!,#REF!,#REF!) -> #REF! | ST19: =SUM(ST32,ST45,ST58,ST71,ST84,ST97,#REF!,#REF!,#REF!,#REF!,#REF!,#REF!,#REF!,#REF!,#REF!,#REF!,#REF!) -> #REF! | SU19: =SUM(SU32,SU45,SU58,SU71,SU84,SU97,#REF!,#REF!,#REF!,#REF!,#REF!,#REF!,#REF!,#REF!,#REF!,#REF!,#REF!) -> #REF! | SV19: =SUM(ST19:SU19) -> #REF! | SW19: =SUM(SW32,SW45,SW58,SW71,SW84,SW97,#REF!,#REF!,#REF!,#REF!,#REF!,#REF!,#REF!,#REF!,#REF!,#REF!,#REF!) -> #REF! | SX19: =SUM(SX32,SX45,SX58,SX71,SX84,SX97,#REF!,#REF!,#REF!,#REF!,#REF!,#REF!,#REF!,#REF!,#REF!,#REF!,#REF!) -> #REF! | SY19: =SUM(SY32,SY45,SY58,SY71,SY84,SY97,#REF!,#REF!,#REF!,#REF!,#REF!,#REF!,#REF!,#REF!,#REF!,#REF!,#REF!) -> #REF! | SZ19: =SUM(SW19:SX19)-SY19 -> #REF! | TA19: =SUM(TA32,TA45,TA58,TA71,TA84,TA97,#REF!,#REF!,#REF!,#REF!,#REF!,#REF!,#REF!,#REF!,#REF!,#REF!,#REF!) -> #REF! | TB19: =SUM(TB32,TB45,TB58,TB71,TB84,TB97,#REF!,#REF!,#REF!,#REF!,#REF!,#REF!,#REF!,#REF!,#REF!,#REF!,#REF!) -> #REF! | TC19: =SUM(TC32,TC45,TC58,TC71,TC84,TC97,#REF!,#REF!,#REF!,#REF!,#REF!,#REF!,#REF!,#REF!,#REF!,#REF!,#REF!) -> #REF! | TD19: =SUM(TA19:TB19)-TC19 -> #REF! | TE19: =SUM(TE32,TE45,TE58,TE71,TE84,TE97,#REF!,#REF!,#REF!,#REF!,#REF!,#REF!,#REF!,#REF!,#REF!,#REF!,#REF!) -> #REF! | TF19: =SUM(TF32,TF45,TF58,TF71,TF84,TF97,#REF!,#REF!,#REF!,#REF!,#REF!,#REF!,#REF!,#REF!,#REF!,#REF!,#REF!) -> #REF! | TI19: =SUM(TI32,TI45,TI58,TI71,TI84,TI97,#REF!,#REF!,#REF!,#REF!,#REF!,#REF!,#REF!,#REF!,#REF!,#REF!,#REF!) -> #REF! | TJ19: =SUM(TJ32,TJ45,TJ58,TJ71,TJ84,TJ97,#REF!,#REF!,#REF!,#REF!,#REF!,#REF!,#REF!,#REF!,#REF!,#REF!,#REF!) -> #REF! | TK19: =SUM(TI19:TJ19) -> #REF! | TL19: =SUM(TL32,TL45,TL58,TL71,TL84,TL97,#REF!,#REF!,#REF!,#REF!,#REF!,#REF!,#REF!,#REF!,#REF!,#REF!,#REF!) -> #REF! | TM19: =SUM(TM32,TM45,TM58,TM71,TM84,TM97,#REF!,#REF!,#REF!,#REF!,#REF!,#REF!,#REF!,#REF!,#REF!,#REF!,#REF!) -> #REF! | TN19: =SUM(TN32,TN45,TN58,TN71,TN84,TN97,#REF!,#REF!,#REF!,#REF!,#REF!,#REF!,#REF!,#REF!,#REF!,#REF!,#REF!) -> #REF! | TO19: =SUM(TL19:TM19)-TN19 -> #REF! | TP19: =SUM(TP32,TP45,TP58,TP71,TP84,TP97,#REF!,#REF!,#REF!,#REF!,#REF!,#REF!,#REF!,#REF!,#REF!,#REF!,#REF!) -> #REF! | TQ19: =SUM(TQ32,TQ45,TQ58,TQ71,TQ84,TQ97,#REF!,#REF!,#REF!,#REF!,#REF!,#REF!,#REF!,#REF!,#REF!,#REF!,#REF!) -> #REF! | TR19: =SUM(TR32,TR45,TR58,TR71,TR84,TR97,#REF!,#REF!,#REF!,#REF!,#REF!,#REF!,#REF!,#REF!,#REF!,#REF!,#REF!) -> #REF! | TS19: =SUM(TP19:TQ19)-TR19 -> #REF! | TT19: =SUM(TT32,TT45,TT58,TT71,TT84,TT97,#REF!,#REF!,#REF!,#REF!,#REF!,#REF!,#REF!,#REF!,#REF!,#REF!,#REF!) -> #REF! | TU19: =SUM(TU32,TU45,TU58,TU71,TU84,TU97,#REF!,#REF!,#REF!,#REF!,#REF!,#REF!,#REF!,#REF!,#REF!,#REF!,#REF!) -> #REF! | TX19: =SUM(TX32,TX45,TX58,TX71,TX84,TX97,#REF!,#REF!,#REF!,#REF!,#REF!,#REF!,#REF!,#REF!,#REF!,#REF!,#REF!) -> #REF! | TY19: =SUM(TY32,TY45,TY58,TY71,TY84,TY97,#REF!,#REF!,#REF!,#REF!,#REF!,#REF!,#REF!,#REF!,#REF!,#REF!,#REF!) -> #REF! | TZ19: =SUM(TX19:TY19) -> #REF! | UA19: =SUM(UA32,UA45,UA58,UA71,UA84,UA97,#REF!,#REF!,#REF!,#REF!,#REF!,#REF!,#REF!,#REF!,#REF!,#REF!,#REF!) -> #REF! | UB19: =SUM(UB32,UB45,UB58,UB71,UB84,UB97,#REF!,#REF!,#REF!,#REF!,#REF!,#REF!,#REF!,#REF!,#REF!,#REF!,#REF!) -> #REF! | UC19: =SUM(UC32,UC45,UC58,UC71,UC84,UC97,#REF!,#REF!,#REF!,#REF!,#REF!,#REF!,#REF!,#REF!,#REF!,#REF!,#REF!) -> #REF! | UD19: =SUM(UA19:UB19)-UC19 -> #REF! | UE19: =SUM(UE32,UE45,UE58,UE71,UE84,UE97,#REF!,#REF!,#REF!,#REF!,#REF!,#REF!,#REF!,#REF!,#REF!,#REF!,#REF!) -> #REF! | UF19: =SUM(UF32,UF45,UF58,UF71,UF84,UF97,#REF!,#REF!,#REF!,#REF!,#REF!,#REF!,#REF!,#REF!,#REF!,#REF!,#REF!) -> #REF! | UG19: =SUM(UG32,UG45,UG58,UG71,UG84,UG97,#REF!,#REF!,#REF!,#REF!,#REF!,#REF!,#REF!,#REF!,#REF!,#REF!,#REF!) -> #REF! | UH19: =SUM(UE19:UF19)-UG19 -> #REF! | UI19: =SUM(UI32,UI45,UI58,UI71,UI84,UI97,#REF!,#REF!,#REF!,#REF!,#REF!,#REF!,#REF!,#REF!,#REF!,#REF!,#REF!) -> #REF! | UJ19: =SUM(UJ32,UJ45,UJ58,UJ71,UJ84,UJ97,#REF!,#REF!,#REF!,#REF!,#REF!,#REF!,#REF!,#REF!,#REF!,#REF!,#REF!) -> #REF! | UM19: =SUM(UM32,UM45,UM58,UM71,UM84,UM97,#REF!,#REF!,#REF!,#REF!,#REF!,#REF!,#REF!,#REF!,#REF!,#REF!,#REF!) -> #REF! | UN19: =SUM(UN32,UN45,UN58,UN71,UN84,UN97,#REF!,#REF!,#REF!,#REF!,#REF!,#REF!,#REF!,#REF!,#REF!,#REF!,#REF!) -> #REF! | UO19: =SUM(UM19:UN19) -> #REF! | UP19: =SUM(UP32,UP45,UP58,UP71,UP84,UP97,#REF!,#REF!,#REF!,#REF!,#REF!,#REF!,#REF!,#REF!,#REF!,#REF!,#REF!) -> #REF! | UQ19: =SUM(UQ32,UQ45,UQ58,UQ71,UQ84,UQ97,#REF!,#REF!,#REF!,#REF!,#REF!,#REF!,#REF!,#REF!,#REF!,#REF!,#REF!) -> #REF! | UR19: =SUM(UR32,UR45,UR58,UR71,UR84,UR97,#REF!,#REF!,#REF!,#REF!,#REF!,#REF!,#REF!,#REF!,#REF!,#REF!,#REF!) -> #REF! | US19: =SUM(UP19:UQ19)-UR19 -> #REF! | UT19: =SUM(UT32,UT45,UT58,UT71,UT84,UT97,#REF!,#REF!,#REF!,#REF!,#REF!,#REF!,#REF!,#REF!,#REF!,#REF!,#REF!) -> #REF! | UU19: =SUM(UU32,UU45,UU58,UU71,UU84,UU97,#REF!,#REF!,#REF!,#REF!,#REF!,#REF!,#REF!,#REF!,#REF!,#REF!,#REF!) -> #REF! | UV19: =SUM(UV32,UV45,UV58,UV71,UV84,UV97,#REF!,#REF!,#REF!,#REF!,#REF!,#REF!,#REF!,#REF!,#REF!,#REF!,#REF!) -> #REF! | UW19: =SUM(UT19:UU19)-UV19 -> #REF! | UX19: =SUM(UX32,UX45,UX58,UX71,UX84,UX97,#REF!,#REF!,#REF!,#REF!,#REF!,#REF!,#REF!,#REF!,#REF!,#REF!,#REF!) -> #REF! | UY19: =SUM(UY32,UY45,UY58,UY71,UY84,UY97,#REF!,#REF!,#REF!,#REF!,#REF!,#REF!,#REF!,#REF!,#REF!,#REF!,#REF!) -> #REF! | VB19: =SUM(VB32,VB45,VB58,VB71,VB84,VB97,#REF!,#REF!,#REF!,#REF!,#REF!,#REF!,#REF!,#REF!,#REF!,#REF!,#REF!) -> #REF! | VC19: =SUM(VC32,VC45,VC58,VC71,VC84,VC97,#REF!,#REF!,#REF!,#REF!,#REF!,#REF!,#REF!,#REF!,#REF!,#REF!,#REF!) -> #REF! | VD19: =SUM(VB19:VC19) -> #REF! | VE19: =SUM(VE32,VE45,VE58,VE71,VE84,VE97,#REF!,#REF!,#REF!,#REF!,#REF!,#REF!,#REF!,#REF!,#REF!,#REF!,#REF!) -> #REF! | VF19: =SUM(VF32,VF45,VF58,VF71,VF84,VF97,#REF!,#REF!,#REF!,#REF!,#REF!,#REF!,#REF!,#REF!,#REF!,#REF!,#REF!) -> #REF! | VG19: =SUM(VG32,VG45,VG58,VG71,VG84,VG97,#REF!,#REF!,#REF!,#REF!,#REF!,#REF!,#REF!,#REF!,#REF!,#REF!,#REF!) -> #REF! | VH19: =SUM(VE19:VF19)-VG19 -> #REF! | VI19: =SUM(VI32,VI45,VI58,VI71,VI84,VI97,#REF!,#REF!,#REF!,#REF!,#REF!,#REF!,#REF!,#REF!,#REF!,#REF!,#REF!) -> #REF! | VJ19: =SUM(VJ32,VJ45,VJ58,VJ71,VJ84,VJ97,#REF!,#REF!,#REF!,#REF!,#REF!,#REF!,#REF!,#REF!,#REF!,#REF!,#REF!) -> #REF! | VK19: =SUM(VK32,VK45,VK58,VK71,VK84,VK97,#REF!,#REF!,#REF!,#REF!,#REF!,#REF!,#REF!,#REF!,#REF!,#REF!,#REF!) -> #REF! | VL19: =SUM(VI19:VJ19)-VK19 -> #REF! | VM19: =SUM(VM32,VM45,VM58,VM71,VM84,VM97,#REF!,#REF!,#REF!,#REF!,#REF!,#REF!,#REF!,#REF!,#REF!,#REF!,#REF!) -> #REF! | VN19: =SUM(VN32,VN45,VN58,VN71,VN84,VN97,#REF!,#REF!,#REF!,#REF!,#REF!,#REF!,#REF!,#REF!,#REF!,#REF!,#REF!) -> #REF! | VQ19: =SUM(VQ32,VQ45,VQ58,VQ71,VQ84,VQ97,#REF!,#REF!,#REF!,#REF!,#REF!,#REF!,#REF!,#REF!,#REF!,#REF!,#REF!) -> #REF! | VR19: =SUM(VR32,VR45,VR58,VR71,VR84,VR97,#REF!,#REF!,#REF!,#REF!,#REF!,#REF!,#REF!,#REF!,#REF!,#REF!,#REF!) -> #REF! | VS19: =SUM(VQ19:VR19) -> #REF! | VT19: =SUM(VT32,VT45,VT58,VT71,VT84,VT97,#REF!,#REF!,#REF!,#REF!,#REF!,#REF!,#REF!,#REF!,#REF!,#REF!,#REF!) -> #REF! | VU19: =SUM(VU32,VU45,VU58,VU71,VU84,VU97,#REF!,#REF!,#REF!,#REF!,#REF!,#REF!,#REF!,#REF!,#REF!,#REF!,#REF!) -> #REF! | VV19: =SUM(VV32,VV45,VV58,VV71,VV84,VV97,#REF!,#REF!,#REF!,#REF!,#REF!,#REF!,#REF!,#REF!,#REF!,#REF!,#REF!) -> #REF! | VW19: =SUM(VT19:VU19)-VV19 -> #REF! | VX19: =SUM(VX32,VX45,VX58,VX71,VX84,VX97,#REF!,#REF!,#REF!,#REF!,#REF!,#REF!,#REF!,#REF!,#REF!,#REF!,#REF!) -> #REF! | VY19: =SUM(VY32,VY45,VY58,VY71,VY84,VY97,#REF!,#REF!,#REF!,#REF!,#REF!,#REF!,#REF!,#REF!,#REF!,#REF!,#REF!) -> #REF! | VZ19: =SUM(VZ32,VZ45,VZ58,VZ71,VZ84,VZ97,#REF!,#REF!,#REF!,#REF!,#REF!,#REF!,#REF!,#REF!,#REF!,#REF!,#REF!) -> #REF! | WA19: =SUM(VX19:VY19)-VZ19 -> #REF! | WB19: =SUM(WB32,WB45,WB58,WB71,WB84,WB97,#REF!,#REF!,#REF!,#REF!,#REF!,#REF!,#REF!,#REF!,#REF!,#REF!,#REF!) -> #REF! | WC19: =SUM(WC32,WC45,WC58,WC71,WC84,WC97,#REF!,#REF!,#REF!,#REF!,#REF!,#REF!,#REF!,#REF!,#REF!,#REF!,#REF!) -> #REF!
B20: REGION VI | C20: FEBRUARY | D20: =SUM(D33,D46,D59,D72,D85,D98) -> #REF! | E20: =SUM(E33,E46,E59,E72,E85,E98) -> #REF! | F20: =SUM(D20:E20) -> #REF! | G20: =SUM(G33,G46,G59,G72,G85,G98) -> #REF! | H20: =SUM(H33,H46,H59,H72,H85,H98) -> #REF! | I20: =SUM(I33,I46,I59,I72,I85,I98) -> #REF! | J20: =SUM(G20:H20)-I20 -> #REF! | K20: =SUM(K33,K46,K59,K72,K85,K98) -> #REF! | L20: =SUM(L33,L46,L59,L72,L85,L98) -> #REF! | M20: =SUM(M33,M46,M59,M72,M85,M98) -> #REF! | N20: =SUM(K20:L20)-M20 -> #REF! | O20: =SUM(O33,O46,O59,O72,O85,O98) -> #REF! | P20: =SUM(P33,P46,P59,P72,P85,P98) -> #REF! | S20: =SUM(S33,S46,S59,S72,S85,S98) -> #REF! | T20: =SUM(T33,T46,T59,T72,T85,T98) -> #REF! | U20: =SUM(S20:T20) -> #REF! | V20: =SUM(V33,V46,V59,V72,V85,V98) -> #REF! | W20: =SUM(W33,W46,W59,W72,W85,W98) -> #REF! | X20: =SUM(X33,X46,X59,X72,X85,X98) -> #REF! | Y20: =SUM(V20:W20)-X20 -> #REF! | Z20: =SUM(Z33,Z46,Z59,Z72,Z85,Z98) -> #REF! | AA20: =SUM(AA33,AA46,AA59,AA72,AA85,AA98) -> #REF! | AB20: =SUM(AB33,AB46,AB59,AB72,AB85,AB98) -> #REF! | AC20: =SUM(Z20:AA20)-AB20 -> #REF! | AD20: =SUM(AD33,AD46,AD59,AD72,AD85,AD98) -> #REF! | AE20: =SUM(AE33,AE46,AE59,AE72,AE85,AE98) -> #REF! | AH20: =SUM(AH33,AH46,AH59,AH72,AH85,AH98) -> #REF! | AI20: =SUM(AI33,AI46,AI59,AI72,AI85,AI98) -> #REF! | AJ20: =SUM(AH20:AI20) -> #REF! | AK20: =SUM(AK33,AK46,AK59,AK72,AK85,AK98) -> #REF! | AL20: =SUM(AL33,AL46,AL59,AL72,AL85,AL98) -> #REF! | AM20: =SUM(AM33,AM46,AM59,AM72,AM85,AM98) -> #REF! | AN20: =SUM(AK20:AL20)-AM20 -> #REF! | AO20: =SUM(AO33,AO46,AO59,AO72,AO85,AO98) -> #REF! | AP20: =SUM(AP33,AP46,AP59,AP72,AP85,AP98) -> #REF! | AQ20: =SUM(AQ33,AQ46,AQ59,AQ72,AQ85,AQ98) -> #REF! | AR20: =SUM(AO20:AP20)-AQ20 -> #REF! | AS20: =SUM(AS33,AS46,AS59,AS72,AS85,AS98) -> #REF! | AT20: =SUM(AT33,AT46,AT59,AT72,AT85,AT98) -> #REF! | AW20: =SUM(AW33,AW46,AW59,AW72,AW85,AW98) -> #REF! | AX20: =SUM(AX33,AX46,AX59,AX72,AX85,AX98) -> #REF! | AY20: =SUM(AW20:AX20) -> #REF! | AZ20: =SUM(AZ33,AZ46,AZ59,AZ72,AZ85,AZ98) -> #REF! | BA20: =SUM(BA33,BA46,BA59,BA72,BA85,BA98) -> #REF! | BB20: =SUM(BB33,BB46,BB59,BB72,BB85,BB98) -> #REF! | BC20: =SUM(AZ20:BA20)-BB20 -> #REF! | BD20: =SUM(BD33,BD46,BD59,BD72,BD85,BD98) -> #REF! | BE20: =SUM(BE33,BE46,BE59,BE72,BE85,BE98) -> #REF! | BF20: =SUM(BF33,BF46,BF59,BF72,BF85,BF98) -> #REF! | BG20: =SUM(BD20:BE20)-BF20 -> #REF! | BH20: =SUM(BH33,BH46,BH59,BH72,BH85,BH98) -> #REF! | BI20: =SUM(BI33,BI46,BI59,BI72,BI85,BI98) -> #REF! | BL20: =SUM(BL33,BL46,BL59,BL72,BL85,BL98) -> #REF! | BM20: =SUM(BM33,BM46,BM59,BM72,BM85,BM98) -> #REF! | BN20: =SUM(BL20:BM20) -> #REF! | BO20: =SUM(BO33,BO46,BO59,BO72,BO85,BO98) -> #REF! | BP20: =SUM(BP33,BP46,BP59,BP72,BP85,BP98) -> #REF! | BQ20: =SUM(BQ33,BQ46,BQ59,BQ72,BQ85,BQ98) -> #REF! | BR20: =SUM(BO20:BP20)-BQ20 -> #REF! | BS20: =SUM(BS33,BS46,BS59,BS72,BS85,BS98) -> #REF! | BT20: =SUM(BT33,BT46,BT59,BT72,BT85,BT98) -> #REF! | BU20: =SUM(BU33,BU46,BU59,BU72,BU85,BU98) -> #REF! | BV20: =SUM(BS20:BT20)-BU20 -> #REF! | BW20: =SUM(BW33,BW46,BW59,BW72,BW85,BW98) -> #REF! | BX20: =SUM(BX33,BX46,BX59,BX72,BX85,BX98) -> #REF! | CA20: =SUM(CA33,CA46,CA59,CA72,CA85,CA98) -> #REF! | CB20: =SUM(CB33,CB46,CB59,CB72,CB85,CB98) -> #REF! | CC20: =SUM(CA20:CB20) -> #REF! | CD20: =SUM(CD33,CD46,CD59,CD72,CD85,CD98) -> #REF! | CE20: =SUM(CE33,CE46,CE59,CE72,CE85,CE98) -> #REF! | CF20: =SUM(CF33,CF46,CF59,CF72,CF85,CF98) -> #REF! | CG20: =SUM(CD20:CE20)-CF20 -> #REF! | CH20: =SUM(CH33,CH46,CH59,CH72,CH85,CH98) -> #REF! | CI20: =SUM(CI33,CI46,CI59,CI72,CI85,CI98) -> #REF! | CJ20: =SUM(CJ33,CJ46,CJ59,CJ72,CJ85,CJ98) -> #REF! | CK20: =SUM(CH20:CI20)-CJ20 -> #REF! | CL20: =SUM(CL33,CL46,CL59,CL72,CL85,CL98) -> #REF! | CM20: =SUM(CM33,CM46,CM59,CM72,CM85,CM98) -> #REF! | CP20: =SUM(CP33,CP46,CP59,CP72,CP85,CP98) -> #REF! | CQ20: =SUM(CQ33,CQ46,CQ59,CQ72,CQ85,CQ98) -> #REF! | CR20: =SUM(CP20:CQ20) -> #REF! | CS20: =SUM(CS33,CS46,CS59,CS72,CS85,CS98) -> #REF! | CT20: =SUM(CT33,CT46,CT59,CT72,CT85,CT98) -> #REF! | CU20: =SUM(CU33,CU46,CU59,CU72,CU85,CU98) -> #REF! | CV20: =SUM(CS20:CT20)-CU20 -> #REF! | CW20: =SUM(CW33,CW46,CW59,CW72,CW85,CW98) -> #REF! | CX20: =SUM(CX33,CX46,CX59,CX72,CX85,CX98) -> #REF! | CY20: =SUM(CY33,CY46,CY59,CY72,CY85,CY98) -> #REF! | CZ20: =SUM(CW20:CX20)-CY20 -> #REF! | DA20: =SUM(DA33,DA46,DA59,DA72,DA85,DA98) -> #REF! | DB20: =SUM(DB33,DB46,DB59,DB72,DB85,DB98) -> #REF! | DE20: =SUM(DE33,DE46,DE59,DE72,DE85,DE98) -> #REF! | DF20: =SUM(DF33,DF46,DF59,DF72,DF85,DF98) -> #REF! | DG20: =SUM(DE20:DF20) -> #REF! | DH20: =SUM(DH33,DH46,DH59,DH72,DH85,DH98) -> #REF! | DI20: =SUM(DI33,DI46,DI59,DI72,DI85,DI98) -> #REF! | DJ20: =SUM(DJ33,DJ46,DJ59,DJ72,DJ85,DJ98) -> #REF! | DK20: =SUM(DH20:DI20)-DJ20 -> #REF! | DL20: =SUM(DL33,DL46,DL59,DL72,DL85,DL98) -> #REF! | DM20: =SUM(DM33,DM46,DM59,DM72,DM85,DM98) -> #REF! | DN20: =SUM(DN33,DN46,DN59,DN72,DN85,DN98) -> #REF! | DO20: =SUM(DL20:DM20)-DN20 -> #REF! | DP20: =SUM(DP33,DP46,DP59,DP72,DP85,DP98) -> #REF! | DQ20: =SUM(DQ33,DQ46,DQ59,DQ72,DQ85,DQ98) -> #REF! | DT20: =SUM(DT33,DT46,DT59,DT72,DT85,DT98) -> #REF! | DU20: =SUM(DU33,DU46,DU59,DU72,DU85,DU98) -> #REF! | DV20: =SUM(DT20:DU20) -> #REF! | DW20: =SUM(DW33,DW46,DW59,DW72,DW85,DW98) -> #REF! | DX20: =SUM(DX33,DX46,DX59,DX72,DX85,DX98) -> #REF! | DY20: =SUM(DY33,DY46,DY59,DY72,DY85,DY98) -> #REF! | DZ20: =SUM(DW20:DX20)-DY20 -> #REF! | EA20: =SUM(EA33,EA46,EA59,EA72,EA85,EA98) -> #REF! | EB20: =SUM(EB33,EB46,EB59,EB72,EB85,EB98) -> #REF! | EC20: =SUM(EC33,EC46,EC59,EC72,EC85,EC98) -> #REF! | ED20: =SUM(EA20:EB20)-EC20 -> #REF! | EE20: =SUM(EE33,EE46,EE59,EE72,EE85,EE98) -> #REF! | EF20: =SUM(EF33,EF46,EF59,EF72,EF85,EF98) -> #REF! | EI20: =SUM(EI33,EI46,EI59,EI72,EI85,EI98) -> #REF! | EJ20: =SUM(EJ33,EJ46,EJ59,EJ72,EJ85,EJ98) -> #REF! | EK20: =SUM(EI20:EJ20) -> #REF! | EL20: =SUM(EL33,EL46,EL59,EL72,EL85,EL98) -> #REF! | EM20: =SUM(EM33,EM46,EM59,EM72,EM85,EM98) -> #REF! | EN20: =SUM(EN33,EN46,EN59,EN72,EN85,EN98) -> #REF! | EO20: =SUM(EL20:EM20)-EN20 -> #REF! | EP20: =SUM(EP33,EP46,EP59,EP72,EP85,EP98) -> #REF! | EQ20: =SUM(EQ33,EQ46,EQ59,EQ72,EQ85,EQ98) -> #REF! | ER20: =SUM(ER33,ER46,ER59,ER72,ER85,ER98) -> #REF! | ES20: =SUM(EP20:EQ20)-ER20 -> #REF! | ET20: =SUM(ET33,ET46,ET59,ET72,ET85,ET98) -> #REF! | EU20: =SUM(EU33,EU46,EU59,EU72,EU85,EU98) -> #REF! | EX20: =SUM(EX33,EX46,EX59,EX72,EX85,EX98) -> #REF! | EY20: =SUM(EY33,EY46,EY59,EY72,EY85,EY98) -> #REF! | EZ20: =SUM(EX20:EY20) -> #REF! | FA20: =SUM(FA33,FA46,FA59,FA72,FA85,FA98) -> #REF! | FB20: =SUM(FB33,FB46,FB59,FB72,FB85,FB98) -> #REF! | FC20: =SUM(FC33,FC46,FC59,FC72,FC85,FC98) -> #REF! | FD20: =SUM(FA20:FB20)-FC20 -> #REF! | FE20: =SUM(FE33,FE46,FE59,FE72,FE85,FE98) -> #REF! | FF20: =SUM(FF33,FF46,FF59,FF72,FF85,FF98) -> #REF! | FG20: =SUM(FG33,FG46,FG59,FG72,FG85,FG98) -> #REF! | FH20: =SUM(FE20:FF20)-FG20 -> #REF! | FI20: =SUM(FI33,FI46,FI59,FI72,FI85,FI98) -> #REF! | FJ20: =SUM(FJ33,FJ46,FJ59,FJ72,FJ85,FJ98) -> #REF! | FM20: =SUM(FM33,FM46,FM59,FM72,FM85,FM98) -> #REF! | FN20: =SUM(FN33,FN46,FN59,FN72,FN85,FN98) -> #REF! | FO20: =SUM(FM20:FN20) -> #REF! | FP20: =SUM(FP33,FP46,FP59,FP72,FP85,FP98) -> #REF! | FQ20: =SUM(FQ33,FQ46,FQ59,FQ72,FQ85,FQ98) -> #REF! | FR20: =SUM(FR33,FR46,FR59,FR72,FR85,FR98) -> #REF! | FS20: =SUM(FP20:FQ20)-FR20 -> #REF! | FT20: =SUM(FT33,FT46,FT59,FT72,FT85,FT98) -> #REF! | FU20: =SUM(FU33,FU46,FU59,FU72,FU85,FU98) -> #REF! | FV20: =SUM(FV33,FV46,FV59,FV72,FV85,FV98) -> #REF! | FW20: =SUM(FT20:FU20)-FV20 -> #REF! | FX20: =SUM(FX33,FX46,FX59,FX72,FX85,FX98) -> #REF! | FY20: =SUM(FY33,FY46,FY59,FY72,FY85,FY98) -> #REF! | GB20: =SUM(GB33,GB46,GB59,GB72,GB85,GB98) -> #REF! | GC20: =SUM(GC33,GC46,GC59,GC72,GC85,GC98) -> #REF! | GD20: =SUM(GB20:GC20) -> #REF! | GE20: =SUM(GE33,GE46,GE59,GE72,GE85,GE98) -> #REF! | GF20: =SUM(GF33,GF46,GF59,GF72,GF85,GF98) -> #REF! | GG20: =SUM(GG33,GG46,GG59,GG72,GG85,GG98) -> #REF! | GH20: =SUM(GE20:GF20)-GG20 -> #REF! | GI20: =SUM(GI33,GI46,GI59,GI72,GI85,GI98) -> #REF! | GJ20: =SUM(GJ33,GJ46,GJ59,GJ72,GJ85,GJ98) -> #REF! | GK20: =SUM(GK33,GK46,GK59,GK72,GK85,GK98) -> #REF! | GL20: =SUM(GI20:GJ20)-GK20 -> #REF! | GM20: =SUM(GM33,GM46,GM59,GM72,GM85,GM98) -> #REF! | GN20: =SUM(GN33,GN46,GN59,GN72,GN85,GN98) -> #REF! | GQ20: =SUM(GQ33,GQ46,GQ59,GQ72,GQ85,GQ98) -> #REF! | GR20: =SUM(GR33,GR46,GR59,GR72,GR85,GR98) -> #REF! | GS20: =SUM(GQ20:GR20) -> #REF! | GT20: =SUM(GT33,GT46,GT59,GT72,GT85,GT98) -> #REF! | GU20: =SUM(GU33,GU46,GU59,GU72,GU85,GU98) -> #REF! | GV20: =SUM(GV33,GV46,GV59,GV72,GV85,GV98) -> #REF! | GW20: =SUM(GT20:GU20)-GV20 -> #REF! | GX20: =SUM(GX33,GX46,GX59,GX72,GX85,GX98) -> #REF! | GY20: =SUM(GY33,GY46,GY59,GY72,GY85,GY98) -> #REF! | GZ20: =SUM(GZ33,GZ46,GZ59,GZ72,GZ85,GZ98) -> #REF! | HA20: =SUM(GX20:GY20)-GZ20 -> #REF! | HB20: =SUM(HB33,HB46,HB59,HB72,HB85,HB98) -> #REF! | HC20: =SUM(HC33,HC46,HC59,HC72,HC85,HC98) -> #REF! | HF20: =SUM(HF33,HF46,HF59,HF72,HF85,HF98,#REF!,#REF!,#REF!,#REF!,#REF!,#REF!,#REF!,#REF!,#REF!,#REF!,#REF!) -> #REF! | HG20: =SUM(HG33,HG46,HG59,HG72,HG85,HG98,#REF!,#REF!,#REF!,#REF!,#REF!,#REF!,#REF!,#REF!,#REF!,#REF!,#REF!) -> #REF! | HH20: =SUM(HF20:HG20) -> #REF! | HI20: =SUM(HI33,HI46,HI59,HI72,HI85,HI98,#REF!,#REF!,#REF!,#REF!,#REF!,#REF!,#REF!,#REF!,#REF!,#REF!,#REF!) -> #REF! | HJ20: =SUM(HJ33,HJ46,HJ59,HJ72,HJ85,HJ98,#REF!,#REF!,#REF!,#REF!,#REF!,#REF!,#REF!,#REF!,#REF!,#REF!,#REF!) -> #REF! | HK20: =SUM(HK33,HK46,HK59,HK72,HK85,HK98,#REF!,#REF!,#REF!,#REF!,#REF!,#REF!,#REF!,#REF!,#REF!,#REF!,#REF!) -> #REF! | HL20: =SUM(HI20:HJ20)-HK20 -> #REF! | HM20: =SUM(HM33,HM46,HM59,HM72,HM85,HM98,#REF!,#REF!,#REF!,#REF!,#REF!,#REF!,#REF!,#REF!,#REF!,#REF!,#REF!) -> #REF! | HN20: =SUM(HN33,HN46,HN59,HN72,HN85,HN98,#REF!,#REF!,#REF!,#REF!,#REF!,#REF!,#REF!,#REF!,#REF!,#REF!,#REF!) -> #REF! | HO20: =SUM(HO33,HO46,HO59,HO72,HO85,HO98,#REF!,#REF!,#REF!,#REF!,#REF!,#REF!,#REF!,#REF!,#REF!,#REF!,#REF!) -> #REF! | HP20: =SUM(HM20:HN20)-HO20 -> #REF! | HQ20: =SUM(HQ33,HQ46,HQ59,HQ72,HQ85,HQ98,#REF!,#REF!,#REF!,#REF!,#REF!,#REF!,#REF!,#REF!,#REF!,#REF!,#REF!) -> #REF! | HR20: =SUM(HR33,HR46,HR59,HR72,HR85,HR98,#REF!,#REF!,#REF!,#REF!,#REF!,#REF!,#REF!,#REF!,#REF!,#REF!,#REF!) -> #REF! | HU20: =SUM(HU33,HU46,HU59,HU72,HU85,HU98,#REF!,#REF!,#REF!,#REF!,#REF!,#REF!,#REF!,#REF!,#REF!,#REF!,#REF!) -> #REF! | HV20: =SUM(HV33,HV46,HV59,HV72,HV85,HV98,#REF!,#REF!,#REF!,#REF!,#REF!,#REF!,#REF!,#REF!,#REF!,#REF!,#REF!) -> #REF! | HW20: =SUM(HU20:HV20) -> #REF! | HX20: =SUM(HX33,HX46,HX59,HX72,HX85,HX98,#REF!,#REF!,#REF!,#REF!,#REF!,#REF!,#REF!,#REF!,#REF!,#REF!,#REF!) -> #REF! | HY20: =SUM(HY33,HY46,HY59,HY72,HY85,HY98,#REF!,#REF!,#REF!,#REF!,#REF!,#REF!,#REF!,#REF!,#REF!,#REF!,#REF!) -> #REF! | HZ20: =SUM(HZ33,HZ46,HZ59,HZ72,HZ85,HZ98,#REF!,#REF!,#REF!,#REF!,#REF!,#REF!,#REF!,#REF!,#REF!,#REF!,#REF!) -> #REF! | IA20: =SUM(HX20:HY20)-HZ20 -> #REF! | IB20: =SUM(IB33,IB46,IB59,IB72,IB85,IB98,#REF!,#REF!,#REF!,#REF!,#REF!,#REF!,#REF!,#REF!,#REF!,#REF!,#REF!) -> #REF! | IC20: =SUM(IC33,IC46,IC59,IC72,IC85,IC98,#REF!,#REF!,#REF!,#REF!,#REF!,#REF!,#REF!,#REF!,#REF!,#REF!,#REF!) -> #REF! | ID20: =SUM(ID33,ID46,ID59,ID72,ID85,ID98,#REF!,#REF!,#REF!,#REF!,#REF!,#REF!,#REF!,#REF!,#REF!,#REF!,#REF!) -> #REF! | IE20: =SUM(IB20:IC20)-ID20 -> #REF! | IF20: =SUM(IF33,IF46,IF59,IF72,IF85,IF98,#REF!,#REF!,#REF!,#REF!,#REF!,#REF!,#REF!,#REF!,#REF!,#REF!,#REF!) -> #REF! | IG20: =SUM(IG33,IG46,IG59,IG72,IG85,IG98,#REF!,#REF!,#REF!,#REF!,#REF!,#REF!,#REF!,#REF!,#REF!,#REF!,#REF!) -> #REF! | IJ20: =SUM(IJ33,IJ46,IJ59,IJ72,IJ85,IJ98,#REF!,#REF!,#REF!,#REF!,#REF!,#REF!,#REF!,#REF!,#REF!,#REF!,#REF!) -> #REF! | IK20: =SUM(IK33,IK46,IK59,IK72,IK85,IK98,#REF!,#REF!,#REF!,#REF!,#REF!,#REF!,#REF!,#REF!,#REF!,#REF!,#REF!) -> #REF! | IL20: =SUM(IJ20:IK20) -> #REF! | IM20: =SUM(IM33,IM46,IM59,IM72,IM85,IM98,#REF!,#REF!,#REF!,#REF!,#REF!,#REF!,#REF!,#REF!,#REF!,#REF!,#REF!) -> #REF! | IN20: =SUM(IN33,IN46,IN59,IN72,IN85,IN98,#REF!,#REF!,#REF!,#REF!,#REF!,#REF!,#REF!,#REF!,#REF!,#REF!,#REF!) -> #REF! | IO20: =SUM(IO33,IO46,IO59,IO72,IO85,IO98,#REF!,#REF!,#REF!,#REF!,#REF!,#REF!,#REF!,#REF!,#REF!,#REF!,#REF!) -> #REF! | IP20: =SUM(IM20:IN20)-IO20 -> #REF! | IQ20: =SUM(IQ33,IQ46,IQ59,IQ72,IQ85,IQ98,#REF!,#REF!,#REF!,#REF!,#REF!,#REF!,#REF!,#REF!,#REF!,#REF!,#REF!) -> #REF! | IR20: =SUM(IR33,IR46,IR59,IR72,IR85,IR98,#REF!,#REF!,#REF!,#REF!,#REF!,#REF!,#REF!,#REF!,#REF!,#REF!,#REF!) -> #REF! | IS20: =SUM(IS33,IS46,IS59,IS72,IS85,IS98,#REF!,#REF!,#REF!,#REF!,#REF!,#REF!,#REF!,#REF!,#REF!,#REF!,#REF!) -> #REF! | IT20: =SUM(IQ20:IR20)-IS20 -> #REF! | IU20: =SUM(IU33,IU46,IU59,IU72,IU85,IU98,#REF!,#REF!,#REF!,#REF!,#REF!,#REF!,#REF!,#REF!,#REF!,#REF!,#REF!) -> #REF! | IV20: =SUM(IV33,IV46,IV59,IV72,IV85,IV98,#REF!,#REF!,#REF!,#REF!,#REF!,#REF!,#REF!,#REF!,#REF!,#REF!,#REF!) -> #REF! | IY20: =SUM(IY33,IY46,IY59,IY72,IY85,IY98,#REF!,#REF!,#REF!,#REF!,#REF!,#REF!,#REF!,#REF!,#REF!,#REF!,#REF!) -> #REF! | IZ20: =SUM(IZ33,IZ46,IZ59,IZ72,IZ85,IZ98,#REF!,#REF!,#REF!,#REF!,#REF!,#REF!,#REF!,#REF!,#REF!,#REF!,#REF!) -> #REF! | JA20: =SUM(IY20:IZ20) -> #REF! | JB20: =SUM(JB33,JB46,JB59,JB72,JB85,JB98,#REF!,#REF!,#REF!,#REF!,#REF!,#REF!,#REF!,#REF!,#REF!,#REF!,#REF!) -> #REF! | JC20: =SUM(JC33,JC46,JC59,JC72,JC85,JC98,#REF!,#REF!,#REF!,#REF!,#REF!,#REF!,#REF!,#REF!,#REF!,#REF!,#REF!) -> #REF! | JD20: =SUM(JD33,JD46,JD59,JD72,JD85,JD98,#REF!,#REF!,#REF!,#REF!,#REF!,#REF!,#REF!,#REF!,#REF!,#REF!,#REF!) -> #REF! | JE20: =SUM(JB20:JC20)-JD20 -> #REF! | JF20: =SUM(JF33,JF46,JF59,JF72,JF85,JF98,#REF!,#REF!,#REF!,#REF!,#REF!,#REF!,#REF!,#REF!,#REF!,#REF!,#REF!) -> #REF! | JG20: =SUM(JG33,JG46,JG59,JG72,JG85,JG98,#REF!,#REF!,#REF!,#REF!,#REF!,#REF!,#REF!,#REF!,#REF!,#REF!,#REF!) -> #REF! | JH20: =SUM(JH33,JH46,JH59,JH72,JH85,JH98,#REF!,#REF!,#REF!,#REF!,#REF!,#REF!,#REF!,#REF!,#REF!,#REF!,#REF!) -> #REF! | JI20: =SUM(JF20:JG20)-JH20 -> #REF! | JJ20: =SUM(JJ33,JJ46,JJ59,JJ72,JJ85,JJ98,#REF!,#REF!,#REF!,#REF!,#REF!,#REF!,#REF!,#REF!,#REF!,#REF!,#REF!) -> #REF! | JK20: =SUM(JK33,JK46,JK59,JK72,JK85,JK98,#REF!,#REF!,#REF!,#REF!,#REF!,#REF!,#REF!,#REF!,#REF!,#REF!,#REF!) -> #REF! | JN20: =SUM(JN33,JN46,JN59,JN72,JN85,JN98,#REF!,#REF!,#REF!,#REF!,#REF!,#REF!,#REF!,#REF!,#REF!,#REF!,#REF!) -> #REF! | JO20: =SUM(JO33,JO46,JO59,JO72,JO85,JO98,#REF!,#REF!,#REF!,#REF!,#REF!,#REF!,#REF!,#REF!,#REF!,#REF!,#REF!) -> #REF! | JP20: =SUM(JN20:JO20) -> #REF! | JQ20: =SUM(JQ33,JQ46,JQ59,JQ72,JQ85,JQ98,#REF!,#REF!,#REF!,#REF!,#REF!,#REF!,#REF!,#REF!,#REF!,#REF!,#REF!) -> #REF! | JR20: =SUM(JR33,JR46,JR59,JR72,JR85,JR98,#REF!,#REF!,#REF!,#REF!,#REF!,#REF!,#REF!,#REF!,#REF!,#REF!,#REF!) -> #REF! | JS20: =SUM(JS33,JS46,JS59,JS72,JS85,JS98,#REF!,#REF!,#REF!,#REF!,#REF!,#REF!,#REF!,#REF!,#REF!,#REF!,#REF!) -> #REF! | JT20: =SUM(JQ20:JR20)-JS20 -> #REF! | JU20: =SUM(JU33,JU46,JU59,JU72,JU85,JU98,#REF!,#REF!,#REF!,#REF!,#REF!,#REF!,#REF!,#REF!,#REF!,#REF!,#REF!) -> #REF! | JV20: =SUM(JV33,JV46,JV59,JV72,JV85,JV98,#REF!,#REF!,#REF!,#REF!,#REF!,#REF!,#REF!,#REF!,#REF!,#REF!,#REF!) -> #REF! | JW20: =SUM(JW33,JW46,JW59,JW72,JW85,JW98,#REF!,#REF!,#REF!,#REF!,#REF!,#REF!,#REF!,#REF!,#REF!,#REF!,#REF!) -> #REF! | JX20: =SUM(JU20:JV20)-JW20 -> #REF! | JY20: =SUM(JY33,JY46,JY59,JY72,JY85,JY98,#REF!,#REF!,#REF!,#REF!,#REF!,#REF!,#REF!,#REF!,#REF!,#REF!,#REF!) -> #REF! | JZ20: =SUM(JZ33,JZ46,JZ59,JZ72,JZ85,JZ98,#REF!,#REF!,#REF!,#REF!,#REF!,#REF!,#REF!,#REF!,#REF!,#REF!,#REF!) -> #REF! | KC20: =SUM(KC33,KC46,KC59,KC72,KC85,KC98,#REF!,#REF!,#REF!,#REF!,#REF!,#REF!,#REF!,#REF!,#REF!,#REF!,#REF!) -> #REF! | KD20: =SUM(KD33,KD46,KD59,KD72,KD85,KD98,#REF!,#REF!,#REF!,#REF!,#REF!,#REF!,#REF!,#REF!,#REF!,#REF!,#REF!) -> #REF! | KE20: =SUM(KC20:KD20) -> #REF! | KF20: =SUM(KF33,KF46,KF59,KF72,KF85,KF98,#REF!,#REF!,#REF!,#REF!,#REF!,#REF!,#REF!,#REF!,#REF!,#REF!,#REF!) -> #REF! | KG20: =SUM(KG33,KG46,KG59,KG72,KG85,KG98,#REF!,#REF!,#REF!,#REF!,#REF!,#REF!,#REF!,#REF!,#REF!,#REF!,#REF!) -> #REF! | KH20: =SUM(KH33,KH46,KH59,KH72,KH85,KH98,#REF!,#REF!,#REF!,#REF!,#REF!,#REF!,#REF!,#REF!,#REF!,#REF!,#REF!) -> #REF! | KI20: =SUM(KF20:KG20)-KH20 -> #REF! | KJ20: =SUM(KJ33,KJ46,KJ59,KJ72,KJ85,KJ98,#REF!,#REF!,#REF!,#REF!,#REF!,#REF!,#REF!,#REF!,#REF!,#REF!,#REF!) -> #REF! | KK20: =SUM(KK33,KK46,KK59,KK72,KK85,KK98,#REF!,#REF!,#REF!,#REF!,#REF!,#REF!,#REF!,#REF!,#REF!,#REF!,#REF!) -> #REF! | KL20: =SUM(KL33,KL46,KL59,KL72,KL85,KL98,#REF!,#REF!,#REF!,#REF!,#REF!,#REF!,#REF!,#REF!,#REF!,#REF!,#REF!) -> #REF! | KM20: =SUM(KJ20:KK20)-KL20 -> #REF! | KN20: =SUM(KN33,KN46,KN59,KN72,KN85,KN98,#REF!,#REF!,#REF!,#REF!,#REF!,#REF!,#REF!,#REF!,#REF!,#REF!,#REF!) -> #REF! | KO20: =SUM(KO33,KO46,KO59,KO72,KO85,KO98,#REF!,#REF!,#REF!,#REF!,#REF!,#REF!,#REF!,#REF!,#REF!,#REF!,#REF!) -> #REF! | KR20: =SUM(KR33,KR46,KR59,KR72,KR85,KR98,#REF!,#REF!,#REF!,#REF!,#REF!,#REF!,#REF!,#REF!,#REF!,#REF!,#REF!) -> #REF! | KS20: =SUM(KS33,KS46,KS59,KS72,KS85,KS98,#REF!,#REF!,#REF!,#REF!,#REF!,#REF!,#REF!,#REF!,#REF!,#REF!,#REF!) -> #REF! | KT20: =SUM(KR20:KS20) -> #REF! | KU20: =SUM(KU33,KU46,KU59,KU72,KU85,KU98,#REF!,#REF!,#REF!,#REF!,#REF!,#REF!,#REF!,#REF!,#REF!,#REF!,#REF!) -> #REF! | KV20: =SUM(KV33,KV46,KV59,KV72,KV85,KV98,#REF!,#REF!,#REF!,#REF!,#REF!,#REF!,#REF!,#REF!,#REF!,#REF!,#REF!) -> #REF! | KW20: =SUM(KW33,KW46,KW59,KW72,KW85,KW98,#REF!,#REF!,#REF!,#REF!,#REF!,#REF!,#REF!,#REF!,#REF!,#REF!,#REF!) -> #REF! | KX20: =SUM(KU20:KV20)-KW20 -> #REF! | KY20: =SUM(KY33,KY46,KY59,KY72,KY85,KY98,#REF!,#REF!,#REF!,#REF!,#REF!,#REF!,#REF!,#REF!,#REF!,#REF!,#REF!) -> #REF! | KZ20: =SUM(KZ33,KZ46,KZ59,KZ72,KZ85,KZ98,#REF!,#REF!,#REF!,#REF!,#REF!,#REF!,#REF!,#REF!,#REF!,#REF!,#REF!) -> #REF! | LA20: =SUM(LA33,LA46,LA59,LA72,LA85,LA98,#REF!,#REF!,#REF!,#REF!,#REF!,#REF!,#REF!,#REF!,#REF!,#REF!,#REF!) -> #REF! | LB20: =SUM(KY20:KZ20)-LA20 -> #REF! | LC20: =SUM(LC33,LC46,LC59,LC72,LC85,LC98,#REF!,#REF!,#REF!,#REF!,#REF!,#REF!,#REF!,#REF!,#REF!,#REF!,#REF!) -> #REF! | LD20: =SUM(LD33,LD46,LD59,LD72,LD85,LD98,#REF!,#REF!,#REF!,#REF!,#REF!,#REF!,#REF!,#REF!,#REF!,#REF!,#REF!) -> #REF! | LG20: =SUM(LG33,LG46,LG59,LG72,LG85,LG98,#REF!,#REF!,#REF!,#REF!,#REF!,#REF!,#REF!,#REF!,#REF!,#REF!,#REF!) -> #REF! | LH20: =SUM(LH33,LH46,LH59,LH72,LH85,LH98,#REF!,#REF!,#REF!,#REF!,#REF!,#REF!,#REF!,#REF!,#REF!,#REF!,#REF!) -> #REF! | LI20: =SUM(LG20:LH20) -> #REF! | LJ20: =SUM(LJ33,LJ46,LJ59,LJ72,LJ85,LJ98,#REF!,#REF!,#REF!,#REF!,#REF!,#REF!,#REF!,#REF!,#REF!,#REF!,#REF!) -> #REF! | LK20: =SUM(LK33,LK46,LK59,LK72,LK85,LK98,#REF!,#REF!,#REF!,#REF!,#REF!,#REF!,#REF!,#REF!,#REF!,#REF!,#REF!) -> #REF! | LL20: =SUM(LL33,LL46,LL59,LL72,LL85,LL98,#REF!,#REF!,#REF!,#REF!,#REF!,#REF!,#REF!,#REF!,#REF!,#REF!,#REF!) -> #REF! | LM20: =SUM(LJ20:LK20)-LL20 -> #REF! | LN20: =SUM(LN33,LN46,LN59,LN72,LN85,LN98,#REF!,#REF!,#REF!,#REF!,#REF!,#REF!,#REF!,#REF!,#REF!,#REF!,#REF!) -> #REF! | LO20: =SUM(LO33,LO46,LO59,LO72,LO85,LO98,#REF!,#REF!,#REF!,#REF!,#REF!,#REF!,#REF!,#REF!,#REF!,#REF!,#REF!) -> #REF! | LP20: =SUM(LP33,LP46,LP59,LP72,LP85,LP98,#REF!,#REF!,#REF!,#REF!,#REF!,#REF!,#REF!,#REF!,#REF!,#REF!,#REF!) -> #REF! | LQ20: =SUM(LN20:LO20)-LP20 -> #REF! | LR20: =SUM(LR33,LR46,LR59,LR72,LR85,LR98,#REF!,#REF!,#REF!,#REF!,#REF!,#REF!,#REF!,#REF!,#REF!,#REF!,#REF!) -> #REF! | LS20: =SUM(LS33,LS46,LS59,LS72,LS85,LS98,#REF!,#REF!,#REF!,#REF!,#REF!,#REF!,#REF!,#REF!,#REF!,#REF!,#REF!) -> #REF! | LV20: =SUM(LV33,LV46,LV59,LV72,LV85,LV98,#REF!,#REF!,#REF!,#REF!,#REF!,#REF!,#REF!,#REF!,#REF!,#REF!,#REF!) -> #REF! | LW20: =SUM(LW33,LW46,LW59,LW72,LW85,LW98,#REF!,#REF!,#REF!,#REF!,#REF!,#REF!,#REF!,#REF!,#REF!,#REF!,#REF!) -> #REF! | LX20: =SUM(LV20:LW20) -> #REF! | LY20: =SUM(LY33,LY46,LY59,LY72,LY85,LY98,#REF!,#REF!,#REF!,#REF!,#REF!,#REF!,#REF!,#REF!,#REF!,#REF!,#REF!) -> #REF! | LZ20: =SUM(LZ33,LZ46,LZ59,LZ72,LZ85,LZ98,#REF!,#REF!,#REF!,#REF!,#REF!,#REF!,#REF!,#REF!,#REF!,#REF!,#REF!) -> #REF! | MA20: =SUM(MA33,MA46,MA59,MA72,MA85,MA98,#REF!,#REF!,#REF!,#REF!,#REF!,#REF!,#REF!,#REF!,#REF!,#REF!,#REF!) -> #REF! | MB20: =SUM(LY20:LZ20)-MA20 -> #REF! | MC20: =SUM(MC33,MC46,MC59,MC72,MC85,MC98,#REF!,#REF!,#REF!,#REF!,#REF!,#REF!,#REF!,#REF!,#REF!,#REF!,#REF!) -> #REF! | MD20: =SUM(MD33,MD46,MD59,MD72,MD85,MD98,#REF!,#REF!,#REF!,#REF!,#REF!,#REF!,#REF!,#REF!,#REF!,#REF!,#REF!) -> #REF! | ME20: =SUM(ME33,ME46,ME59,ME72,ME85,ME98,#REF!,#REF!,#REF!,#REF!,#REF!,#REF!,#REF!,#REF!,#REF!,#REF!,#REF!) -> #REF! | MF20: =SUM(MC20:MD20)-ME20 -> #REF! | MG20: =SUM(MG33,MG46,MG59,MG72,MG85,MG98,#REF!,#REF!,#REF!,#REF!,#REF!,#REF!,#REF!,#REF!,#REF!,#REF!,#REF!) -> #REF! | MH20: =SUM(MH33,MH46,MH59,MH72,MH85,MH98,#REF!,#REF!,#REF!,#REF!,#REF!,#REF!,#REF!,#REF!,#REF!,#REF!,#REF!) -> #REF! | MK20: =SUM(MK33,MK46,MK59,MK72,MK85,MK98,#REF!,#REF!,#REF!,#REF!,#REF!,#REF!,#REF!,#REF!,#REF!,#REF!,#REF!) -> #REF! | ML20: =SUM(ML33,ML46,ML59,ML72,ML85,ML98,#REF!,#REF!,#REF!,#REF!,#REF!,#REF!,#REF!,#REF!,#REF!,#REF!,#REF!) -> #REF! | MM20: =SUM(MK20:ML20) -> #REF! | MN20: =SUM(MN33,MN46,MN59,MN72,MN85,MN98,#REF!,#REF!,#REF!,#REF!,#REF!,#REF!,#REF!,#REF!,#REF!,#REF!,#REF!) -> #REF! | MO20: =SUM(MO33,MO46,MO59,MO72,MO85,MO98,#REF!,#REF!,#REF!,#REF!,#REF!,#REF!,#REF!,#REF!,#REF!,#REF!,#REF!) -> #REF! | MP20: =SUM(MP33,MP46,MP59,MP72,MP85,MP98,#REF!,#REF!,#REF!,#REF!,#REF!,#REF!,#REF!,#REF!,#REF!,#REF!,#REF!) -> #REF! | MQ20: =SUM(MN20:MO20)-MP20 -> #REF! | MR20: =SUM(MR33,MR46,MR59,MR72,MR85,MR98,#REF!,#REF!,#REF!,#REF!,#REF!,#REF!,#REF!,#REF!,#REF!,#REF!,#REF!) -> #REF! | MS20: =SUM(MS33,MS46,MS59,MS72,MS85,MS98,#REF!,#REF!,#REF!,#REF!,#REF!,#REF!,#REF!,#REF!,#REF!,#REF!,#REF!) -> #REF! | MT20: =SUM(MT33,MT46,MT59,MT72,MT85,MT98,#REF!,#REF!,#REF!,#REF!,#REF!,#REF!,#REF!,#REF!,#REF!,#REF!,#REF!) -> #REF! | MU20: =SUM(MR20:MS20)-MT20 -> #REF! | MV20: =SUM(MV33,MV46,MV59,MV72,MV85,MV98,#REF!,#REF!,#REF!,#REF!,#REF!,#REF!,#REF!,#REF!,#REF!,#REF!,#REF!) -> #REF! | MW20: =SUM(MW33,MW46,MW59,MW72,MW85,MW98,#REF!,#REF!,#REF!,#REF!,#REF!,#REF!,#REF!,#REF!,#REF!,#REF!,#REF!) -> #REF! | MZ20: =SUM(MZ33,MZ46,MZ59,MZ72,MZ85,MZ98,#REF!,#REF!,#REF!,#REF!,#REF!,#REF!,#REF!,#REF!,#REF!,#REF!,#REF!) -> #REF! | NA20: =SUM(NA33,NA46,NA59,NA72,NA85,NA98,#REF!,#REF!,#REF!,#REF!,#REF!,#REF!,#REF!,#REF!,#REF!,#REF!,#REF!) -> #REF! | NB20: =SUM(MZ20:NA20) -> #REF! | NC20: =SUM(NC33,NC46,NC59,NC72,NC85,NC98,#REF!,#REF!,#REF!,#REF!,#REF!,#REF!,#REF!,#REF!,#REF!,#REF!,#REF!) -> #REF! | ND20: =SUM(ND33,ND46,ND59,ND72,ND85,ND98,#REF!,#REF!,#REF!,#REF!,#REF!,#REF!,#REF!,#REF!,#REF!,#REF!,#REF!) -> #REF! | NE20: =SUM(NE33,NE46,NE59,NE72,NE85,NE98,#REF!,#REF!,#REF!,#REF!,#REF!,#REF!,#REF!,#REF!,#REF!,#REF!,#REF!) -> #REF! | NF20: =SUM(NC20:ND20)-NE20 -> #REF! | NG20: =SUM(NG33,NG46,NG59,NG72,NG85,NG98,#REF!,#REF!,#REF!,#REF!,#REF!,#REF!,#REF!,#REF!,#REF!,#REF!,#REF!) -> #REF! | NH20: =SUM(NH33,NH46,NH59,NH72,NH85,NH98,#REF!,#REF!,#REF!,#REF!,#REF!,#REF!,#REF!,#REF!,#REF!,#REF!,#REF!) -> #REF! | NI20: =SUM(NI33,NI46,NI59,NI72,NI85,NI98,#REF!,#REF!,#REF!,#REF!,#REF!,#REF!,#REF!,#REF!,#REF!,#REF!,#REF!) -> #REF! | NJ20: =SUM(NG20:NH20)-NI20 -> #REF! | NK20: =SUM(NK33,NK46,NK59,NK72,NK85,NK98,#REF!,#REF!,#REF!,#REF!,#REF!,#REF!,#REF!,#REF!,#REF!,#REF!,#REF!) -> #REF! | NL20: =SUM(NL33,NL46,NL59,NL72,NL85,NL98,#REF!,#REF!,#REF!,#REF!,#REF!,#REF!,#REF!,#REF!,#REF!,#REF!,#REF!) -> #REF! | NO20: =SUM(NO33,NO46,NO59,NO72,NO85,NO98,#REF!,#REF!,#REF!,#REF!,#REF!,#REF!,#REF!,#REF!,#REF!,#REF!,#REF!) -> #REF! | NP20: =SUM(NP33,NP46,NP59,NP72,NP85,NP98,#REF!,#REF!,#REF!,#REF!,#REF!,#REF!,#REF!,#REF!,#REF!,#REF!,#REF!) -> #REF! | NQ20: =SUM(NO20:NP20) -> #REF! | NR20: =SUM(NR33,NR46,NR59,NR72,NR85,NR98,#REF!,#REF!,#REF!,#REF!,#REF!,#REF!,#REF!,#REF!,#REF!,#REF!,#REF!) -> #REF! | NS20: =SUM(NS33,NS46,NS59,NS72,NS85,NS98,#REF!,#REF!,#REF!,#REF!,#REF!,#REF!,#REF!,#REF!,#REF!,#REF!,#REF!) -> #REF! | NT20: =SUM(NT33,NT46,NT59,NT72,NT85,NT98,#REF!,#REF!,#REF!,#REF!,#REF!,#REF!,#REF!,#REF!,#REF!,#REF!,#REF!) -> #REF! | NU20: =SUM(NR20:NS20)-NT20 -> #REF! | NV20: =SUM(NV33,NV46,NV59,NV72,NV85,NV98,#REF!,#REF!,#REF!,#REF!,#REF!,#REF!,#REF!,#REF!,#REF!,#REF!,#REF!) -> #REF! | NW20: =SUM(NW33,NW46,NW59,NW72,NW85,NW98,#REF!,#REF!,#REF!,#REF!,#REF!,#REF!,#REF!,#REF!,#REF!,#REF!,#REF!) -> #REF! | NX20: =SUM(NX33,NX46,NX59,NX72,NX85,NX98,#REF!,#REF!,#REF!,#REF!,#REF!,#REF!,#REF!,#REF!,#REF!,#REF!,#REF!) -> #REF! | NY20: =SUM(NV20:NW20)-NX20 -> #REF! | NZ20: =SUM(NZ33,NZ46,NZ59,NZ72,NZ85,NZ98,#REF!,#REF!,#REF!,#REF!,#REF!,#REF!,#REF!,#REF!,#REF!,#REF!,#REF!) -> #REF! | OA20: =SUM(OA33,OA46,OA59,OA72,OA85,OA98,#REF!,#REF!,#REF!,#REF!,#REF!,#REF!,#REF!,#REF!,#REF!,#REF!,#REF!) -> #REF! | OD20: =SUM(OD33,OD46,OD59,OD72,OD85,OD98,#REF!,#REF!,#REF!,#REF!,#REF!,#REF!,#REF!,#REF!,#REF!,#REF!,#REF!) -> #REF! | OE20: =SUM(OE33,OE46,OE59,OE72,OE85,OE98,#REF!,#REF!,#REF!,#REF!,#REF!,#REF!,#REF!,#REF!,#REF!,#REF!,#REF!) -> #REF! | OF20: =SUM(OD20:OE20) -> #REF! | OG20: =SUM(OG33,OG46,OG59,OG72,OG85,OG98,#REF!,#REF!,#REF!,#REF!,#REF!,#REF!,#REF!,#REF!,#REF!,#REF!,#REF!) -> #REF! | OH20: =SUM(OH33,OH46,OH59,OH72,OH85,OH98,#REF!,#REF!,#REF!,#REF!,#REF!,#REF!,#REF!,#REF!,#REF!,#REF!,#REF!) -> #REF! | OI20: =SUM(OI33,OI46,OI59,OI72,OI85,OI98,#REF!,#REF!,#REF!,#REF!,#REF!,#REF!,#REF!,#REF!,#REF!,#REF!,#REF!) -> #REF! | OJ20: =SUM(OG20:OH20)-OI20 -> #REF! | OK20: =SUM(OK33,OK46,OK59,OK72,OK85,OK98,#REF!,#REF!,#REF!,#REF!,#REF!,#REF!,#REF!,#REF!,#REF!,#REF!,#REF!) -> #REF! | OL20: =SUM(OL33,OL46,OL59,OL72,OL85,OL98,#REF!,#REF!,#REF!,#REF!,#REF!,#REF!,#REF!,#REF!,#REF!,#REF!,#REF!) -> #REF! | OM20: =SUM(OM33,OM46,OM59,OM72,OM85,OM98,#REF!,#REF!,#REF!,#REF!,#REF!,#REF!,#REF!,#REF!,#REF!,#REF!,#REF!) -> #REF! | ON20: =SUM(OK20:OL20)-OM20 -> #REF! | OO20: =SUM(OO33,OO46,OO59,OO72,OO85,OO98,#REF!,#REF!,#REF!,#REF!,#REF!,#REF!,#REF!,#REF!,#REF!,#REF!,#REF!) -> #REF! | OP20: =SUM(OP33,OP46,OP59,OP72,OP85,OP98,#REF!,#REF!,#REF!,#REF!,#REF!,#REF!,#REF!,#REF!,#REF!,#REF!,#REF!) -> #REF! | OS20: =SUM(OS33,OS46,OS59,OS72,OS85,OS98,#REF!,#REF!,#REF!,#REF!,#REF!,#REF!,#REF!,#REF!,#REF!,#REF!,#REF!) -> #REF! | OT20: =SUM(OT33,OT46,OT59,OT72,OT85,OT98,#REF!,#REF!,#REF!,#REF!,#REF!,#REF!,#REF!,#REF!,#REF!,#REF!,#REF!) -> #REF! | OU20: =SUM(OS20:OT20) -> #REF! | OV20: =SUM(OV33,OV46,OV59,OV72,OV85,OV98,#REF!,#REF!,#REF!,#REF!,#REF!,#REF!,#REF!,#REF!,#REF!,#REF!,#REF!) -> #REF! | OW20: =SUM(OW33,OW46,OW59,OW72,OW85,OW98,#REF!,#REF!,#REF!,#REF!,#REF!,#REF!,#REF!,#REF!,#REF!,#REF!,#REF!) -> #REF! | OX20: =SUM(OX33,OX46,OX59,OX72,OX85,OX98,#REF!,#REF!,#REF!,#REF!,#REF!,#REF!,#REF!,#REF!,#REF!,#REF!,#REF!) -> #REF! | OY20: =SUM(OV20:OW20)-OX20 -> #REF! | OZ20: =SUM(OZ33,OZ46,OZ59,OZ72,OZ85,OZ98,#REF!,#REF!,#REF!,#REF!,#REF!,#REF!,#REF!,#REF!,#REF!,#REF!,#REF!) -> #REF! | PA20: =SUM(PA33,PA46,PA59,PA72,PA85,PA98,#REF!,#REF!,#REF!,#REF!,#REF!,#REF!,#REF!,#REF!,#REF!,#REF!,#REF!) -> #REF! | PB20: =SUM(PB33,PB46,PB59,PB72,PB85,PB98,#REF!,#REF!,#REF!,#REF!,#REF!,#REF!,#REF!,#REF!,#REF!,#REF!,#REF!) -> #REF! | PC20: =SUM(OZ20:PA20)-PB20 -> #REF! | PD20: =SUM(PD33,PD46,PD59,PD72,PD85,PD98,#REF!,#REF!,#REF!,#REF!,#REF!,#REF!,#REF!,#REF!,#REF!,#REF!,#REF!) -> #REF! | PE20: =SUM(PE33,PE46,PE59,PE72,PE85,PE98,#REF!,#REF!,#REF!,#REF!,#REF!,#REF!,#REF!,#REF!,#REF!,#REF!,#REF!) -> #REF! | PH20: =SUM(PH33,PH46,PH59,PH72,PH85,PH98,#REF!,#REF!,#REF!,#REF!,#REF!,#REF!,#REF!,#REF!,#REF!,#REF!,#REF!) -> #REF! | PI20: =SUM(PI33,PI46,PI59,PI72,PI85,PI98,#REF!,#REF!,#REF!,#REF!,#REF!,#REF!,#REF!,#REF!,#REF!,#REF!,#REF!) -> #REF! | PJ20: =SUM(PH20:PI20) -> #REF! | PK20: =SUM(PK33,PK46,PK59,PK72,PK85,PK98,#REF!,#REF!,#REF!,#REF!,#REF!,#REF!,#REF!,#REF!,#REF!,#REF!,#REF!) -> #REF! | PL20: =SUM(PL33,PL46,PL59,PL72,PL85,PL98,#REF!,#REF!,#REF!,#REF!,#REF!,#REF!,#REF!,#REF!,#REF!,#REF!,#REF!) -> #REF! | PM20: =SUM(PM33,PM46,PM59,PM72,PM85,PM98,#REF!,#REF!,#REF!,#REF!,#REF!,#REF!,#REF!,#REF!,#REF!,#REF!,#REF!) -> #REF! | PN20: =SUM(PK20:PL20)-PM20 -> #REF! | PO20: =SUM(PO33,PO46,PO59,PO72,PO85,PO98,#REF!,#REF!,#REF!,#REF!,#REF!,#REF!,#REF!,#REF!,#REF!,#REF!,#REF!) -> #REF! | PP20: =SUM(PP33,PP46,PP59,PP72,PP85,PP98,#REF!,#REF!,#REF!,#REF!,#REF!,#REF!,#REF!,#REF!,#REF!,#REF!,#REF!) -> #REF! | PQ20: =SUM(PQ33,PQ46,PQ59,PQ72,PQ85,PQ98,#REF!,#REF!,#REF!,#REF!,#REF!,#REF!,#REF!,#REF!,#REF!,#REF!,#REF!) -> #REF! | PR20: =SUM(PO20:PP20)-PQ20 -> #REF! | PS20: =SUM(PS33,PS46,PS59,PS72,PS85,PS98,#REF!,#REF!,#REF!,#REF!,#REF!,#REF!,#REF!,#REF!,#REF!,#REF!,#REF!) -> #REF! | PT20: =SUM(PT33,PT46,PT59,PT72,PT85,PT98,#REF!,#REF!,#REF!,#REF!,#REF!,#REF!,#REF!,#REF!,#REF!,#REF!,#REF!) -> #REF! | PW20: =SUM(PW33,PW46,PW59,PW72,PW85,PW98,#REF!,#REF!,#REF!,#REF!,#REF!,#REF!,#REF!,#REF!,#REF!,#REF!,#REF!) -> #REF! | PX20: =SUM(PX33,PX46,PX59,PX72,PX85,PX98,#REF!,#REF!,#REF!,#REF!,#REF!,#REF!,#REF!,#REF!,#REF!,#REF!,#REF!) -> #REF! | PY20: =SUM(PW20:PX20) -> #REF! | PZ20: =SUM(PZ33,PZ46,PZ59,PZ72,PZ85,PZ98,#REF!,#REF!,#REF!,#REF!,#REF!,#REF!,#REF!,#REF!,#REF!,#REF!,#REF!) -> #REF! | QA20: =SUM(QA33,QA46,QA59,QA72,QA85,QA98,#REF!,#REF!,#REF!,#REF!,#REF!,#REF!,#REF!,#REF!,#REF!,#REF!,#REF!) -> #REF! | QB20: =SUM(QB33,QB46,QB59,QB72,QB85,QB98,#REF!,#REF!,#REF!,#REF!,#REF!,#REF!,#REF!,#REF!,#REF!,#REF!,#REF!) -> #REF! | QC20: =SUM(PZ20:QA20)-QB20 -> #REF! | QD20: =SUM(QD33,QD46,QD59,QD72,QD85,QD98,#REF!,#REF!,#REF!,#REF!,#REF!,#REF!,#REF!,#REF!,#REF!,#REF!,#REF!) -> #REF! | QE20: =SUM(QE33,QE46,QE59,QE72,QE85,QE98,#REF!,#REF!,#REF!,#REF!,#REF!,#REF!,#REF!,#REF!,#REF!,#REF!,#REF!) -> #REF! | QF20: =SUM(QF33,QF46,QF59,QF72,QF85,QF98,#REF!,#REF!,#REF!,#REF!,#REF!,#REF!,#REF!,#REF!,#REF!,#REF!,#REF!) -> #REF! | QG20: =SUM(QD20:QE20)-QF20 -> #REF! | QH20: =SUM(QH33,QH46,QH59,QH72,QH85,QH98,#REF!,#REF!,#REF!,#REF!,#REF!,#REF!,#REF!,#REF!,#REF!,#REF!,#REF!) -> #REF! | QI20: =SUM(QI33,QI46,QI59,QI72,QI85,QI98,#REF!,#REF!,#REF!,#REF!,#REF!,#REF!,#REF!,#REF!,#REF!,#REF!,#REF!) -> #REF! | QL20: =SUM(QL33,QL46,QL59,QL72,QL85,QL98,#REF!,#REF!,#REF!,#REF!,#REF!,#REF!,#REF!,#REF!,#REF!,#REF!,#REF!) -> #REF! | QM20: =SUM(QM33,QM46,QM59,QM72,QM85,QM98,#REF!,#REF!,#REF!,#REF!,#REF!,#REF!,#REF!,#REF!,#REF!,#REF!,#REF!) -> #REF! | QN20: =SUM(QL20:QM20) -> #REF! | QO20: =SUM(QO33,QO46,QO59,QO72,QO85,QO98,#REF!,#REF!,#REF!,#REF!,#REF!,#REF!,#REF!,#REF!,#REF!,#REF!,#REF!) -> #REF! | QP20: =SUM(QP33,QP46,QP59,QP72,QP85,QP98,#REF!,#REF!,#REF!,#REF!,#REF!,#REF!,#REF!,#REF!,#REF!,#REF!,#REF!) -> #REF! | QQ20: =SUM(QQ33,QQ46,QQ59,QQ72,QQ85,QQ98,#REF!,#REF!,#REF!,#REF!,#REF!,#REF!,#REF!,#REF!,#REF!,#REF!,#REF!) -> #REF! | QR20: =SUM(QO20:QP20)-QQ20 -> #REF! | QS20: =SUM(QS33,QS46,QS59,QS72,QS85,QS98,#REF!,#REF!,#REF!,#REF!,#REF!,#REF!,#REF!,#REF!,#REF!,#REF!,#REF!) -> #REF! | QT20: =SUM(QT33,QT46,QT59,QT72,QT85,QT98,#REF!,#REF!,#REF!,#REF!,#REF!,#REF!,#REF!,#REF!,#REF!,#REF!,#REF!) -> #REF! | QU20: =SUM(QU33,QU46,QU59,QU72,QU85,QU98,#REF!,#REF!,#REF!,#REF!,#REF!,#REF!,#REF!,#REF!,#REF!,#REF!,#REF!) -> #REF! | QV20: =SUM(QS20:QT20)-QU20 -> #REF! | QW20: =SUM(QW33,QW46,QW59,QW72,QW85,QW98,#REF!,#REF!,#REF!,#REF!,#REF!,#REF!,#REF!,#REF!,#REF!,#REF!,#REF!) -> #REF! | QX20: =SUM(QX33,QX46,QX59,QX72,QX85,QX98,#REF!,#REF!,#REF!,#REF!,#REF!,#REF!,#REF!,#REF!,#REF!,#REF!,#REF!) -> #REF! | RA20: =SUM(RA33,RA46,RA59,RA72,RA85,RA98,#REF!,#REF!,#REF!,#REF!,#REF!,#REF!,#REF!,#REF!,#REF!,#REF!,#REF!) -> #REF! | RB20: =SUM(RB33,RB46,RB59,RB72,RB85,RB98,#REF!,#REF!,#REF!,#REF!,#REF!,#REF!,#REF!,#REF!,#REF!,#REF!,#REF!) -> #REF! | RC20: =SUM(RA20:RB20) -> #REF! | RD20: =SUM(RD33,RD46,RD59,RD72,RD85,RD98,#REF!,#REF!,#REF!,#REF!,#REF!,#REF!,#REF!,#REF!,#REF!,#REF!,#REF!) -> #REF! | RE20: =SUM(RE33,RE46,RE59,RE72,RE85,RE98,#REF!,#REF!,#REF!,#REF!,#REF!,#REF!,#REF!,#REF!,#REF!,#REF!,#REF!) -> #REF! | RF20: =SUM(RF33,RF46,RF59,RF72,RF85,RF98,#REF!,#REF!,#REF!,#REF!,#REF!,#REF!,#REF!,#REF!,#REF!,#REF!,#REF!) -> #REF! | RG20: =SUM(RD20:RE20)-RF20 -> #REF! | RH20: =SUM(RH33,RH46,RH59,RH72,RH85,RH98,#REF!,#REF!,#REF!,#REF!,#REF!,#REF!,#REF!,#REF!,#REF!,#REF!,#REF!) -> #REF! | RI20: =SUM(RI33,RI46,RI59,RI72,RI85,RI98,#REF!,#REF!,#REF!,#REF!,#REF!,#REF!,#REF!,#REF!,#REF!,#REF!,#REF!) -> #REF! | RJ20: =SUM(RJ33,RJ46,RJ59,RJ72,RJ85,RJ98,#REF!,#REF!,#REF!,#REF!,#REF!,#REF!,#REF!,#REF!,#REF!,#REF!,#REF!) -> #REF! | RK20: =SUM(RH20:RI20)-RJ20 -> #REF! | RL20: =SUM(RL33,RL46,RL59,RL72,RL85,RL98,#REF!,#REF!,#REF!,#REF!,#REF!,#REF!,#REF!,#REF!,#REF!,#REF!,#REF!) -> #REF! | RM20: =SUM(RM33,RM46,RM59,RM72,RM85,RM98,#REF!,#REF!,#REF!,#REF!,#REF!,#REF!,#REF!,#REF!,#REF!,#REF!,#REF!) -> #REF! | RP20: =SUM(RP33,RP46,RP59,RP72,RP85,RP98,#REF!,#REF!,#REF!,#REF!,#REF!,#REF!,#REF!,#REF!,#REF!,#REF!,#REF!) -> #REF! | RQ20: =SUM(RQ33,RQ46,RQ59,RQ72,RQ85,RQ98,#REF!,#REF!,#REF!,#REF!,#REF!,#REF!,#REF!,#REF!,#REF!,#REF!,#REF!) -> #REF! | RR20: =SUM(RP20:RQ20) -> #REF! | RS20: =SUM(RS33,RS46,RS59,RS72,RS85,RS98,#REF!,#REF!,#REF!,#REF!,#REF!,#REF!,#REF!,#REF!,#REF!,#REF!,#REF!) -> #REF! | RT20: =SUM(RT33,RT46,RT59,RT72,RT85,RT98,#REF!,#REF!,#REF!,#REF!,#REF!,#REF!,#REF!,#REF!,#REF!,#REF!,#REF!) -> #REF! | RU20: =SUM(RU33,RU46,RU59,RU72,RU85,RU98,#REF!,#REF!,#REF!,#REF!,#REF!,#REF!,#REF!,#REF!,#REF!,#REF!,#REF!) -> #REF! | RV20: =SUM(RS20:RT20)-RU20 -> #REF! | RW20: =SUM(RW33,RW46,RW59,RW72,RW85,RW98,#REF!,#REF!,#REF!,#REF!,#REF!,#REF!,#REF!,#REF!,#REF!,#REF!,#REF!) -> #REF! | RX20: =SUM(RX33,RX46,RX59,RX72,RX85,RX98,#REF!,#REF!,#REF!,#REF!,#REF!,#REF!,#REF!,#REF!,#REF!,#REF!,#REF!) -> #REF! | RY20: =SUM(RY33,RY46,RY59,RY72,RY85,RY98,#REF!,#REF!,#REF!,#REF!,#REF!,#REF!,#REF!,#REF!,#REF!,#REF!,#REF!) -> #REF! | RZ20: =SUM(RW20:RX20)-RY20 -> #REF! | SA20: =SUM(SA33,SA46,SA59,SA72,SA85,SA98,#REF!,#REF!,#REF!,#REF!,#REF!,#REF!,#REF!,#REF!,#REF!,#REF!,#REF!) -> #REF! | SB20: =SUM(SB33,SB46,SB59,SB72,SB85,SB98,#REF!,#REF!,#REF!,#REF!,#REF!,#REF!,#REF!,#REF!,#REF!,#REF!,#REF!) -> #REF! | SE20: =SUM(SE33,SE46,SE59,SE72,SE85,SE98,#REF!,#REF!,#REF!,#REF!,#REF!,#REF!,#REF!,#REF!,#REF!,#REF!,#REF!) -> #REF! | SF20: =SUM(SF33,SF46,SF59,SF72,SF85,SF98,#REF!,#REF!,#REF!,#REF!,#REF!,#REF!,#REF!,#REF!,#REF!,#REF!,#REF!) -> #REF! | SG20: =SUM(SE20:SF20) -> #REF! | SH20: =SUM(SH33,SH46,SH59,SH72,SH85,SH98,#REF!,#REF!,#REF!,#REF!,#REF!,#REF!,#REF!,#REF!,#REF!,#REF!,#REF!) -> #REF! | SI20: =SUM(SI33,SI46,SI59,SI72,SI85,SI98,#REF!,#REF!,#REF!,#REF!,#REF!,#REF!,#REF!,#REF!,#REF!,#REF!,#REF!) -> #REF! | SJ20: =SUM(SJ33,SJ46,SJ59,SJ72,SJ85,SJ98,#REF!,#REF!,#REF!,#REF!,#REF!,#REF!,#REF!,#REF!,#REF!,#REF!,#REF!) -> #REF! | SK20: =SUM(SH20:SI20)-SJ20 -> #REF! | SL20: =SUM(SL33,SL46,SL59,SL72,SL85,SL98,#REF!,#REF!,#REF!,#REF!,#REF!,#REF!,#REF!,#REF!,#REF!,#REF!,#REF!) -> #REF! | SM20: =SUM(SM33,SM46,SM59,SM72,SM85,SM98,#REF!,#REF!,#REF!,#REF!,#REF!,#REF!,#REF!,#REF!,#REF!,#REF!,#REF!) -> #REF! | SN20: =SUM(SN33,SN46,SN59,SN72,SN85,SN98,#REF!,#REF!,#REF!,#REF!,#REF!,#REF!,#REF!,#REF!,#REF!,#REF!,#REF!) -> #REF! | SO20: =SUM(SL20:SM20)-SN20 -> #REF! | SP20: =SUM(SP33,SP46,SP59,SP72,SP85,SP98,#REF!,#REF!,#REF!,#REF!,#REF!,#REF!,#REF!,#REF!,#REF!,#REF!,#REF!) -> #REF! | SQ20: =SUM(SQ33,SQ46,SQ59,SQ72,SQ85,SQ98,#REF!,#REF!,#REF!,#REF!,#REF!,#REF!,#REF!,#REF!,#REF!,#REF!,#REF!) -> #REF! | ST20: =SUM(ST33,ST46,ST59,ST72,ST85,ST98,#REF!,#REF!,#REF!,#REF!,#REF!,#REF!,#REF!,#REF!,#REF!,#REF!,#REF!) -> #REF! | SU20: =SUM(SU33,SU46,SU59,SU72,SU85,SU98,#REF!,#REF!,#REF!,#REF!,#REF!,#REF!,#REF!,#REF!,#REF!,#REF!,#REF!) -> #REF! | SV20: =SUM(ST20:SU20) -> #REF! | SW20: =SUM(SW33,SW46,SW59,SW72,SW85,SW98,#REF!,#REF!,#REF!,#REF!,#REF!,#REF!,#REF!,#REF!,#REF!,#REF!,#REF!) -> #REF! | SX20: =SUM(SX33,SX46,SX59,SX72,SX85,SX98,#REF!,#REF!,#REF!,#REF!,#REF!,#REF!,#REF!,#REF!,#REF!,#REF!,#REF!) -> #REF! | SY20: =SUM(SY33,SY46,SY59,SY72,SY85,SY98,#REF!,#REF!,#REF!,#REF!,#REF!,#REF!,#REF!,#REF!,#REF!,#REF!,#REF!) -> #REF! | SZ20: =SUM(SW20:SX20)-SY20 -> #REF! | TA20: =SUM(TA33,TA46,TA59,TA72,TA85,TA98,#REF!,#REF!,#REF!,#REF!,#REF!,#REF!,#REF!,#REF!,#REF!,#REF!,#REF!) -> #REF! | TB20: =SUM(TB33,TB46,TB59,TB72,TB85,TB98,#REF!,#REF!,#REF!,#REF!,#REF!,#REF!,#REF!,#REF!,#REF!,#REF!,#REF!) -> #REF! | TC20: =SUM(TC33,TC46,TC59,TC72,TC85,TC98,#REF!,#REF!,#REF!,#REF!,#REF!,#REF!,#REF!,#REF!,#REF!,#REF!,#REF!) -> #REF! | TD20: =SUM(TA20:TB20)-TC20 -> #REF! | TE20: =SUM(TE33,TE46,TE59,TE72,TE85,TE98,#REF!,#REF!,#REF!,#REF!,#REF!,#REF!,#REF!,#REF!,#REF!,#REF!,#REF!) -> #REF! | TF20: =SUM(TF33,TF46,TF59,TF72,TF85,TF98,#REF!,#REF!,#REF!,#REF!,#REF!,#REF!,#REF!,#REF!,#REF!,#REF!,#REF!) -> #REF! | TI20: =SUM(TI33,TI46,TI59,TI72,TI85,TI98,#REF!,#REF!,#REF!,#REF!,#REF!,#REF!,#REF!,#REF!,#REF!,#REF!,#REF!) -> #REF! | TJ20: =SUM(TJ33,TJ46,TJ59,TJ72,TJ85,TJ98,#REF!,#REF!,#REF!,#REF!,#REF!,#REF!,#REF!,#REF!,#REF!,#REF!,#REF!) -> #REF! | TK20: =SUM(TI20:TJ20) -> #REF! | TL20: =SUM(TL33,TL46,TL59,TL72,TL85,TL98,#REF!,#REF!,#REF!,#REF!,#REF!,#REF!,#REF!,#REF!,#REF!,#REF!,#REF!) -> #REF! | TM20: =SUM(TM33,TM46,TM59,TM72,TM85,TM98,#REF!,#REF!,#REF!,#REF!,#REF!,#REF!,#REF!,#REF!,#REF!,#REF!,#REF!) -> #REF! | TN20: =SUM(TN33,TN46,TN59,TN72,TN85,TN98,#REF!,#REF!,#REF!,#REF!,#REF!,#REF!,#REF!,#REF!,#REF!,#REF!,#REF!) -> #REF! | TO20: =SUM(TL20:TM20)-TN20 -> #REF! | TP20: =SUM(TP33,TP46,TP59,TP72,TP85,TP98,#REF!,#REF!,#REF!,#REF!,#REF!,#REF!,#REF!,#REF!,#REF!,#REF!,#REF!) -> #REF! | TQ20: =SUM(TQ33,TQ46,TQ59,TQ72,TQ85,TQ98,#REF!,#REF!,#REF!,#REF!,#REF!,#REF!,#REF!,#REF!,#REF!,#REF!,#REF!) -> #REF! | TR20: =SUM(TR33,TR46,TR59,TR72,TR85,TR98,#REF!,#REF!,#REF!,#REF!,#REF!,#REF!,#REF!,#REF!,#REF!,#REF!,#REF!) -> #REF! | TS20: =SUM(TP20:TQ20)-TR20 -> #REF! | TT20: =SUM(TT33,TT46,TT59,TT72,TT85,TT98,#REF!,#REF!,#REF!,#REF!,#REF!,#REF!,#REF!,#REF!,#REF!,#REF!,#REF!) -> #REF! | TU20: =SUM(TU33,TU46,TU59,TU72,TU85,TU98,#REF!,#REF!,#REF!,#REF!,#REF!,#REF!,#REF!,#REF!,#REF!,#REF!,#REF!) -> #REF! | TX20: =SUM(TX33,TX46,TX59,TX72,TX85,TX98,#REF!,#REF!,#REF!,#REF!,#REF!,#REF!,#REF!,#REF!,#REF!,#REF!,#REF!) -> #REF! | TY20: =SUM(TY33,TY46,TY59,TY72,TY85,TY98,#REF!,#REF!,#REF!,#REF!,#REF!,#REF!,#REF!,#REF!,#REF!,#REF!,#REF!) -> #REF! | TZ20: =SUM(TX20:TY20) -> #REF! | UA20: =SUM(UA33,UA46,UA59,UA72,UA85,UA98,#REF!,#REF!,#REF!,#REF!,#REF!,#REF!,#REF!,#REF!,#REF!,#REF!,#REF!) -> #REF! | UB20: =SUM(UB33,UB46,UB59,UB72,UB85,UB98,#REF!,#REF!,#REF!,#REF!,#REF!,#REF!,#REF!,#REF!,#REF!,#REF!,#REF!) -> #REF! | UC20: =SUM(UC33,UC46,UC59,UC72,UC85,UC98,#REF!,#REF!,#REF!,#REF!,#REF!,#REF!,#REF!,#REF!,#REF!,#REF!,#REF!) -> #REF! | UD20: =SUM(UA20:UB20)-UC20 -> #REF! | UE20: =SUM(UE33,UE46,UE59,UE72,UE85,UE98,#REF!,#REF!,#REF!,#REF!,#REF!,#REF!,#REF!,#REF!,#REF!,#REF!,#REF!) -> #REF! | UF20: =SUM(UF33,UF46,UF59,UF72,UF85,UF98,#REF!,#REF!,#REF!,#REF!,#REF!,#REF!,#REF!,#REF!,#REF!,#REF!,#REF!) -> #REF! | UG20: =SUM(UG33,UG46,UG59,UG72,UG85,UG98,#REF!,#REF!,#REF!,#REF!,#REF!,#REF!,#REF!,#REF!,#REF!,#REF!,#REF!) -> #REF! | UH20: =SUM(UE20:UF20)-UG20 -> #REF! | UI20: =SUM(UI33,UI46,UI59,UI72,UI85,UI98,#REF!,#REF!,#REF!,#REF!,#REF!,#REF!,#REF!,#REF!,#REF!,#REF!,#REF!) -> #REF! | UJ20: =SUM(UJ33,UJ46,UJ59,UJ72,UJ85,UJ98,#REF!,#REF!,#REF!,#REF!,#REF!,#REF!,#REF!,#REF!,#REF!,#REF!,#REF!) -> #REF! | UM20: =SUM(UM33,UM46,UM59,UM72,UM85,UM98,#REF!,#REF!,#REF!,#REF!,#REF!,#REF!,#REF!,#REF!,#REF!,#REF!,#REF!) -> #REF! | UN20: =SUM(UN33,UN46,UN59,UN72,UN85,UN98,#REF!,#REF!,#REF!,#REF!,#REF!,#REF!,#REF!,#REF!,#REF!,#REF!,#REF!) -> #REF! | UO20: =SUM(UM20:UN20) -> #REF! | UP20: =SUM(UP33,UP46,UP59,UP72,UP85,UP98,#REF!,#REF!,#REF!,#REF!,#REF!,#REF!,#REF!,#REF!,#REF!,#REF!,#REF!) -> #REF! | UQ20: =SUM(UQ33,UQ46,UQ59,UQ72,UQ85,UQ98,#REF!,#REF!,#REF!,#REF!,#REF!,#REF!,#REF!,#REF!,#REF!,#REF!,#REF!) -> #REF! | UR20: =SUM(UR33,UR46,UR59,UR72,UR85,UR98,#REF!,#REF!,#REF!,#REF!,#REF!,#REF!,#REF!,#REF!,#REF!,#REF!,#REF!) -> #REF! | US20: =SUM(UP20:UQ20)-UR20 -> #REF! | UT20: =SUM(UT33,UT46,UT59,UT72,UT85,UT98,#REF!,#REF!,#REF!,#REF!,#REF!,#REF!,#REF!,#REF!,#REF!,#REF!,#REF!) -> #REF! | UU20: =SUM(UU33,UU46,UU59,UU72,UU85,UU98,#REF!,#REF!,#REF!,#REF!,#REF!,#REF!,#REF!,#REF!,#REF!,#REF!,#REF!) -> #REF! | UV20: =SUM(UV33,UV46,UV59,UV72,UV85,UV98,#REF!,#REF!,#REF!,#REF!,#REF!,#REF!,#REF!,#REF!,#REF!,#REF!,#REF!) -> #REF! | UW20: =SUM(UT20:UU20)-UV20 -> #REF! | UX20: =SUM(UX33,UX46,UX59,UX72,UX85,UX98,#REF!,#REF!,#REF!,#REF!,#REF!,#REF!,#REF!,#REF!,#REF!,#REF!,#REF!) -> #REF! | UY20: =SUM(UY33,UY46,UY59,UY72,UY85,UY98,#REF!,#REF!,#REF!,#REF!,#REF!,#REF!,#REF!,#REF!,#REF!,#REF!,#REF!) -> #REF! | VB20: =SUM(VB33,VB46,VB59,VB72,VB85,VB98,#REF!,#REF!,#REF!,#REF!,#REF!,#REF!,#REF!,#REF!,#REF!,#REF!,#REF!) -> #REF! | VC20: =SUM(VC33,VC46,VC59,VC72,VC85,VC98,#REF!,#REF!,#REF!,#REF!,#REF!,#REF!,#REF!,#REF!,#REF!,#REF!,#REF!) -> #REF! | VD20: =SUM(VB20:VC20) -> #REF! | VE20: =SUM(VE33,VE46,VE59,VE72,VE85,VE98,#REF!,#REF!,#REF!,#REF!,#REF!,#REF!,#REF!,#REF!,#REF!,#REF!,#REF!) -> #REF! | VF20: =SUM(VF33,VF46,VF59,VF72,VF85,VF98,#REF!,#REF!,#REF!,#REF!,#REF!,#REF!,#REF!,#REF!,#REF!,#REF!,#REF!) -> #REF! | VG20: =SUM(VG33,VG46,VG59,VG72,VG85,VG98,#REF!,#REF!,#REF!,#REF!,#REF!,#REF!,#REF!,#REF!,#REF!,#REF!,#REF!) -> #REF! | VH20: =SUM(VE20:VF20)-VG20 -> #REF! | VI20: =SUM(VI33,VI46,VI59,VI72,VI85,VI98,#REF!,#REF!,#REF!,#REF!,#REF!,#REF!,#REF!,#REF!,#REF!,#REF!,#REF!) -> #REF! | VJ20: =SUM(VJ33,VJ46,VJ59,VJ72,VJ85,VJ98,#REF!,#REF!,#REF!,#REF!,#REF!,#REF!,#REF!,#REF!,#REF!,#REF!,#REF!) -> #REF! | VK20: =SUM(VK33,VK46,VK59,VK72,VK85,VK98,#REF!,#REF!,#REF!,#REF!,#REF!,#REF!,#REF!,#REF!,#REF!,#REF!,#REF!) -> #REF! | VL20: =SUM(VI20:VJ20)-VK20 -> #REF! | VM20: =SUM(VM33,VM46,VM59,VM72,VM85,VM98,#REF!,#REF!,#REF!,#REF!,#REF!,#REF!,#REF!,#REF!,#REF!,#REF!,#REF!) -> #REF! | VN20: =SUM(VN33,VN46,VN59,VN72,VN85,VN98,#REF!,#REF!,#REF!,#REF!,#REF!,#REF!,#REF!,#REF!,#REF!,#REF!,#REF!) -> #REF! | VQ20: =SUM(VQ33,VQ46,VQ59,VQ72,VQ85,VQ98,#REF!,#REF!,#REF!,#REF!,#REF!,#REF!,#REF!,#REF!,#REF!,#REF!,#REF!) -> #REF! | VR20: =SUM(VR33,VR46,VR59,VR72,VR85,VR98,#REF!,#REF!,#REF!,#REF!,#REF!,#REF!,#REF!,#REF!,#REF!,#REF!,#REF!) -> #REF! | VS20: =SUM(VQ20:VR20) -> #REF! | VT20: =SUM(VT33,VT46,VT59,VT72,VT85,VT98,#REF!,#REF!,#REF!,#REF!,#REF!,#REF!,#REF!,#REF!,#REF!,#REF!,#REF!) -> #REF! | VU20: =SUM(VU33,VU46,VU59,VU72,VU85,VU98,#REF!,#REF!,#REF!,#REF!,#REF!,#REF!,#REF!,#REF!,#REF!,#REF!,#REF!) -> #REF! | VV20: =SUM(VV33,VV46,VV59,VV72,VV85,VV98,#REF!,#REF!,#REF!,#REF!,#REF!,#REF!,#REF!,#REF!,#REF!,#REF!,#REF!) -> #REF! | VW20: =SUM(VT20:VU20)-VV20 -> #REF! | VX20: =SUM(VX33,VX46,VX59,VX72,VX85,VX98,#REF!,#REF!,#REF!,#REF!,#REF!,#REF!,#REF!,#REF!,#REF!,#REF!,#REF!) -> #REF! | VY20: =SUM(VY33,VY46,VY59,VY72,VY85,VY98,#REF!,#REF!,#REF!,#REF!,#REF!,#REF!,#REF!,#REF!,#REF!,#REF!,#REF!) -> #REF! | VZ20: =SUM(VZ33,VZ46,VZ59,VZ72,VZ85,VZ98,#REF!,#REF!,#REF!,#REF!,#REF!,#REF!,#REF!,#REF!,#REF!,#REF!,#REF!) -> #REF! | WA20: =SUM(VX20:VY20)-VZ20 -> #REF! | WB20: =SUM(WB33,WB46,WB59,WB72,WB85,WB98,#REF!,#REF!,#REF!,#REF!,#REF!,#REF!,#REF!,#REF!,#REF!,#REF!,#REF!) -> #REF! | WC20: =SUM(WC33,WC46,WC59,WC72,WC85,WC98,#REF!,#REF!,#REF!,#REF!,#REF!,#REF!,#REF!,#REF!,#REF!,#REF!,#REF!) -> #REF!
B21: REGION VI | C21: MARCH | D21: =SUM(D34,D47,D60,D73,D86,D99) -> #REF! | E21: =SUM(E34,E47,E60,E73,E86,E99) -> #REF! | F21: =SUM(D21:E21) -> #REF! | G21: =SUM(G34,G47,G60,G73,G86,G99) -> #REF! | H21: =SUM(H34,H47,H60,H73,H86,H99) -> #REF! | I21: =SUM(I34,I47,I60,I73,I86,I99) -> #REF! | J21: =SUM(G21:H21)-I21 -> #REF! | K21: =SUM(K34,K47,K60,K73,K86,K99) -> #REF! | L21: =SUM(L34,L47,L60,L73,L86,L99) -> #REF! | M21: =SUM(M34,M47,M60,M73,M86,M99) -> #REF! | N21: =SUM(K21:L21)-M21 -> #REF! | O21: =SUM(O34,O47,O60,O73,O86,O99) -> #REF! | P21: =SUM(P34,P47,P60,P73,P86,P99) -> #REF! | S21: =SUM(S34,S47,S60,S73,S86,S99) -> #REF! | T21: =SUM(T34,T47,T60,T73,T86,T99) -> #REF! | U21: =SUM(S21:T21) -> #REF! | V21: =SUM(V34,V47,V60,V73,V86,V99) -> #REF! | W21: =SUM(W34,W47,W60,W73,W86,W99) -> #REF! | X21: =SUM(X34,X47,X60,X73,X86,X99) -> #REF! | Y21: =SUM(V21:W21)-X21 -> #REF! | Z21: =SUM(Z34,Z47,Z60,Z73,Z86,Z99) -> #REF! | AA21: =SUM(AA34,AA47,AA60,AA73,AA86,AA99) -> #REF! | AB21: =SUM(AB34,AB47,AB60,AB73,AB86,AB99) -> #REF! | AC21: =SUM(Z21:AA21)-AB21 -> #REF! | AD21: =SUM(AD34,AD47,AD60,AD73,AD86,AD99) -> #REF! | AE21: =SUM(AE34,AE47,AE60,AE73,AE86,AE99) -> #REF! | AH21: =SUM(AH34,AH47,AH60,AH73,AH86,AH99) -> #REF! | AI21: =SUM(AI34,AI47,AI60,AI73,AI86,AI99) -> #REF! | AJ21: =SUM(AH21:AI21) -> #REF! | AK21: =SUM(AK34,AK47,AK60,AK73,AK86,AK99) -> #REF! | AL21: =SUM(AL34,AL47,AL60,AL73,AL86,AL99) -> #REF! | AM21: =SUM(AM34,AM47,AM60,AM73,AM86,AM99) -> #REF! | AN21: =SUM(AK21:AL21)-AM21 -> #REF! | AO21: =SUM(AO34,AO47,AO60,AO73,AO86,AO99) -> #REF! | AP21: =SUM(AP34,AP47,AP60,AP73,AP86,AP99) -> #REF! | AQ21: =SUM(AQ34,AQ47,AQ60,AQ73,AQ86,AQ99) -> #REF! | AR21: =SUM(AO21:AP21)-AQ21 -> #REF! | AS21: =SUM(AS34,AS47,AS60,AS73,AS86,AS99) -> #REF! | AT21: =SUM(AT34,AT47,AT60,AT73,AT86,AT99) -> #REF! | AW21: =SUM(AW34,AW47,AW60,AW73,AW86,AW99) -> #REF! | AX21: =SUM(AX34,AX47,AX60,AX73,AX86,AX99) -> #REF! | AY21: =SUM(AW21:AX21) -> #REF! | AZ21: =SUM(AZ34,AZ47,AZ60,AZ73,AZ86,AZ99) -> #REF! | BA21: =SUM(BA34,BA47,BA60,BA73,BA86,BA99) -> #REF! | BB21: =SUM(BB34,BB47,BB60,BB73,BB86,BB99) -> #REF! | BC21: =SUM(AZ21:BA21)-BB21 -> #REF! | BD21: =SUM(BD34,BD47,BD60,BD73,BD86,BD99) -> #REF! | BE21: =SUM(BE34,BE47,BE60,BE73,BE86,BE99) -> #REF! | BF21: =SUM(BF34,BF47,BF60,BF73,BF86,BF99) -> #REF! | BG21: =SUM(BD21:BE21)-BF21 -> #REF! | BH21: =SUM(BH34,BH47,BH60,BH73,BH86,BH99) -> #REF! | BI21: =SUM(BI34,BI47,BI60,BI73,BI86,BI99) -> #REF! | BL21: =SUM(BL34,BL47,BL60,BL73,BL86,BL99) -> #REF! | BM21: =SUM(BM34,BM47,BM60,BM73,BM86,BM99) -> #REF! | BN21: =SUM(BL21:BM21) -> #REF! | BO21: =SUM(BO34,BO47,BO60,BO73,BO86,BO99) -> #REF! | BP21: =SUM(BP34,BP47,BP60,BP73,BP86,BP99) -> #REF! | BQ21: =SUM(BQ34,BQ47,BQ60,BQ73,BQ86,BQ99) -> #REF! | BR21: =SUM(BO21:BP21)-BQ21 -> #REF! | BS21: =SUM(BS34,BS47,BS60,BS73,BS86,BS99) -> #REF! | BT21: =SUM(BT34,BT47,BT60,BT73,BT86,BT99) -> #REF! | BU21: =SUM(BU34,BU47,BU60,BU73,BU86,BU99) -> #REF! | BV21: =SUM(BS21:BT21)-BU21 -> #REF! | BW21: =SUM(BW34,BW47,BW60,BW73,BW86,BW99) -> #REF! | BX21: =SUM(BX34,BX47,BX60,BX73,BX86,BX99) -> #REF! | CA21: =SUM(CA34,CA47,CA60,CA73,CA86,CA99) -> #REF! | CB21: =SUM(CB34,CB47,CB60,CB73,CB86,CB99) -> #REF! | CC21: =SUM(CA21:CB21) -> #REF! | CD21: =SUM(CD34,CD47,CD60,CD73,CD86,CD99) -> #REF! | CE21: =SUM(CE34,CE47,CE60,CE73,CE86,CE99) -> #REF! | CF21: =SUM(CF34,CF47,CF60,CF73,CF86,CF99) -> #REF! | CG21: =SUM(CD21:CE21)-CF21 -> #REF! | CH21: =SUM(CH34,CH47,CH60,CH73,CH86,CH99) -> #REF! | CI21: =SUM(CI34,CI47,CI60,CI73,CI86,CI99) -> #REF! | CJ21: =SUM(CJ34,CJ47,CJ60,CJ73,CJ86,CJ99) -> #REF! | CK21: =SUM(CH21:CI21)-CJ21 -> #REF! | CL21: =SUM(CL34,CL47,CL60,CL73,CL86,CL99) -> #REF! | CM21: =SUM(CM34,CM47,CM60,CM73,CM86,CM99) -> #REF! | CP21: =SUM(CP34,CP47,CP60,CP73,CP86,CP99) -> #REF! | CQ21: =SUM(CQ34,CQ47,CQ60,CQ73,CQ86,CQ99) -> #REF! | CR21: =SUM(CP21:CQ21) -> #REF! | CS21: =SUM(CS34,CS47,CS60,CS73,CS86,CS99) -> #REF! | CT21: =SUM(CT34,CT47,CT60,CT73,CT86,CT99) -> #REF! | CU21: =SUM(CU34,CU47,CU60,CU73,CU86,CU99) -> #REF! | CV21: =SUM(CS21:CT21)-CU21 -> #REF! | CW21: =SUM(CW34,CW47,CW60,CW73,CW86,CW99) -> #REF! | CX21: =SUM(CX34,CX47,CX60,CX73,CX86,CX99) -> #REF! | CY21: =SUM(CY34,CY47,CY60,CY73,CY86,CY99) -> #REF! | CZ21: =SUM(CW21:CX21)-CY21 -> #REF! | DA21: =SUM(DA34,DA47,DA60,DA73,DA86,DA99) -> #REF! | DB21: =SUM(DB34,DB47,DB60,DB73,DB86,DB99) -> #REF! | DE21: =SUM(DE34,DE47,DE60,DE73,DE86,DE99) -> #REF! | DF21: =SUM(DF34,DF47,DF60,DF73,DF86,DF99) -> #REF! | DG21: =SUM(DE21:DF21) -> #REF! | DH21: =SUM(DH34,DH47,DH60,DH73,DH86,DH99) -> #REF! | DI21: =SUM(DI34,DI47,DI60,DI73,DI86,DI99) -> #REF! | DJ21: =SUM(DJ34,DJ47,DJ60,DJ73,DJ86,DJ99) -> #REF! | DK21: =SUM(DH21:DI21)-DJ21 -> #REF! | DL21: =SUM(DL34,DL47,DL60,DL73,DL86,DL99) -> #REF! | DM21: =SUM(DM34,DM47,DM60,DM73,DM86,DM99) -> #REF! | DN21: =SUM(DN34,DN47,DN60,DN73,DN86,DN99) -> #REF! | DO21: =SUM(DL21:DM21)-DN21 -> #REF! | DP21: =SUM(DP34,DP47,DP60,DP73,DP86,DP99) -> #REF! | DQ21: =SUM(DQ34,DQ47,DQ60,DQ73,DQ86,DQ99) -> #REF! | DT21: =SUM(DT34,DT47,DT60,DT73,DT86,DT99) -> #REF! | DU21: =SUM(DU34,DU47,DU60,DU73,DU86,DU99) -> #REF! | DV21: =SUM(DT21:DU21) -> #REF! | DW21: =SUM(DW34,DW47,DW60,DW73,DW86,DW99) -> #REF! | DX21: =SUM(DX34,DX47,DX60,DX73,DX86,DX99) -> #REF! | DY21: =SUM(DY34,DY47,DY60,DY73,DY86,DY99) -> #REF! | DZ21: =SUM(DW21:DX21)-DY21 -> #REF! | EA21: =SUM(EA34,EA47,EA60,EA73,EA86,EA99) -> #REF! | EB21: =SUM(EB34,EB47,EB60,EB73,EB86,EB99) -> #REF! | EC21: =SUM(EC34,EC47,EC60,EC73,EC86,EC99) -> #REF! | ED21: =SUM(EA21:EB21)-EC21 -> #REF! | EE21: =SUM(EE34,EE47,EE60,EE73,EE86,EE99) -> #REF! | EF21: =SUM(EF34,EF47,EF60,EF73,EF86,EF99) -> #REF! | EI21: =SUM(EI34,EI47,EI60,EI73,EI86,EI99) -> #REF! | EJ21: =SUM(EJ34,EJ47,EJ60,EJ73,EJ86,EJ99) -> #REF! | EK21: =SUM(EI21:EJ21) -> #REF! | EL21: =SUM(EL34,EL47,EL60,EL73,EL86,EL99) -> #REF! | EM21: =SUM(EM34,EM47,EM60,EM73,EM86,EM99) -> #REF! | EN21: =SUM(EN34,EN47,EN60,EN73,EN86,EN99) -> #REF! | EO21: =SUM(EL21:EM21)-EN21 -> #REF! | EP21: =SUM(EP34,EP47,EP60,EP73,EP86,EP99) -> #REF! | EQ21: =SUM(EQ34,EQ47,EQ60,EQ73,EQ86,EQ99) -> #REF! | ER21: =SUM(ER34,ER47,ER60,ER73,ER86,ER99) -> #REF! | ES21: =SUM(EP21:EQ21)-ER21 -> #REF! | ET21: =SUM(ET34,ET47,ET60,ET73,ET86,ET99) -> #REF! | EU21: =SUM(EU34,EU47,EU60,EU73,EU86,EU99) -> #REF! | EX21: =SUM(EX34,EX47,EX60,EX73,EX86,EX99) -> #REF! | EY21: =SUM(EY34,EY47,EY60,EY73,EY86,EY99) -> #REF! | EZ21: =SUM(EX21:EY21) -> #REF! | FA21: =SUM(FA34,FA47,FA60,FA73,FA86,FA99) -> #REF! | FB21: =SUM(FB34,FB47,FB60,FB73,FB86,FB99) -> #REF! | FC21: =SUM(FC34,FC47,FC60,FC73,FC86,FC99) -> #REF! | FD21: =SUM(FA21:FB21)-FC21 -> #REF! | FE21: =SUM(FE34,FE47,FE60,FE73,FE86,FE99) -> #REF! | FF21: =SUM(FF34,FF47,FF60,FF73,FF86,FF99) -> #REF! | FG21: =SUM(FG34,FG47,FG60,FG73,FG86,FG99) -> #REF! | FH21: =SUM(FE21:FF21)-FG21 -> #REF! | FI21: =SUM(FI34,FI47,FI60,FI73,FI86,FI99) -> #REF! | FJ21: =SUM(FJ34,FJ47,FJ60,FJ73,FJ86,FJ99) -> #REF! | FM21: =SUM(FM34,FM47,FM60,FM73,FM86,FM99) -> #REF! | FN21: =SUM(FN34,FN47,FN60,FN73,FN86,FN99) -> #REF! | FO21: =SUM(FM21:FN21) -> #REF! | FP21: =SUM(FP34,FP47,FP60,FP73,FP86,FP99) -> #REF! | FQ21: =SUM(FQ34,FQ47,FQ60,FQ73,FQ86,FQ99) -> #REF! | FR21: =SUM(FR34,FR47,FR60,FR73,FR86,FR99) -> #REF! | FS21: =SUM(FP21:FQ21)-FR21 -> #REF! | FT21: =SUM(FT34,FT47,FT60,FT73,FT86,FT99) -> #REF! | FU21: =SUM(FU34,FU47,FU60,FU73,FU86,FU99) -> #REF! | FV21: =SUM(FV34,FV47,FV60,FV73,FV86,FV99) -> #REF! | FW21: =SUM(FT21:FU21)-FV21 -> #REF! | FX21: =SUM(FX34,FX47,FX60,FX73,FX86,FX99) -> #REF! | FY21: =SUM(FY34,FY47,FY60,FY73,FY86,FY99) -> #REF! | GB21: =SUM(GB34,GB47,GB60,GB73,GB86,GB99) -> #REF! | GC21: =SUM(GC34,GC47,GC60,GC73,GC86,GC99) -> #REF! | GD21: =SUM(GB21:GC21) -> #REF! | GE21: =SUM(GE34,GE47,GE60,GE73,GE86,GE99) -> #REF! | GF21: =SUM(GF34,GF47,GF60,GF73,GF86,GF99) -> #REF! | GG21: =SUM(GG34,GG47,GG60,GG73,GG86,GG99) -> #REF! | GH21: =SUM(GE21:GF21)-GG21 -> #REF! | GI21: =SUM(GI34,GI47,GI60,GI73,GI86,GI99) -> #REF! | GJ21: =SUM(GJ34,GJ47,GJ60,GJ73,GJ86,GJ99) -> #REF! | GK21: =SUM(GK34,GK47,GK60,GK73,GK86,GK99) -> #REF! | GL21: =SUM(GI21:GJ21)-GK21 -> #REF! | GM21: =SUM(GM34,GM47,GM60,GM73,GM86,GM99) -> #REF! | GN21: =SUM(GN34,GN47,GN60,GN73,GN86,GN99) -> #REF! | GQ21: =SUM(GQ34,GQ47,GQ60,GQ73,GQ86,GQ99) -> #REF! | GR21: =SUM(GR34,GR47,GR60,GR73,GR86,GR99) -> #REF! | GS21: =SUM(GQ21:GR21) -> #REF! | GT21: =SUM(GT34,GT47,GT60,GT73,GT86,GT99) -> #REF! | GU21: =SUM(GU34,GU47,GU60,GU73,GU86,GU99) -> #REF! | GV21: =SUM(GV34,GV47,GV60,GV73,GV86,GV99) -> #REF! | GW21: =SUM(GT21:GU21)-GV21 -> #REF! | GX21: =SUM(GX34,GX47,GX60,GX73,GX86,GX99) -> #REF! | GY21: =SUM(GY34,GY47,GY60,GY73,GY86,GY99) -> #REF! | GZ21: =SUM(GZ34,GZ47,GZ60,GZ73,GZ86,GZ99) -> #REF! | HA21: =SUM(GX21:GY21)-GZ21 -> #REF! | HB21: =SUM(HB34,HB47,HB60,HB73,HB86,HB99) -> #REF! | HC21: =SUM(HC34,HC47,HC60,HC73,HC86,HC99) -> #REF! | HF21: =SUM(HF34,HF47,HF60,HF73,HF86,HF99,#REF!,#REF!,#REF!,#REF!,#REF!,#REF!,#REF!,#REF!,#REF!,#REF!,#REF!) -> #REF! | HG21: =SUM(HG34,HG47,HG60,HG73,HG86,HG99,#REF!,#REF!,#REF!,#REF!,#REF!,#REF!,#REF!,#REF!,#REF!,#REF!,#REF!) -> #REF! | HH21: =SUM(HF21:HG21) -> #REF! | HI21: =SUM(HI34,HI47,HI60,HI73,HI86,HI99,#REF!,#REF!,#REF!,#REF!,#REF!,#REF!,#REF!,#REF!,#REF!,#REF!,#REF!) -> #REF! | HJ21: =SUM(HJ34,HJ47,HJ60,HJ73,HJ86,HJ99,#REF!,#REF!,#REF!,#REF!,#REF!,#REF!,#REF!,#REF!,#REF!,#REF!,#REF!) -> #REF! | HK21: =SUM(HK34,HK47,HK60,HK73,HK86,HK99,#REF!,#REF!,#REF!,#REF!,#REF!,#REF!,#REF!,#REF!,#REF!,#REF!,#REF!) -> #REF! | HL21: =SUM(HI21:HJ21)-HK21 -> #REF! | HM21: =SUM(HM34,HM47,HM60,HM73,HM86,HM99,#REF!,#REF!,#REF!,#REF!,#REF!,#REF!,#REF!,#REF!,#REF!,#REF!,#REF!) -> #REF! | HN21: =SUM(HN34,HN47,HN60,HN73,HN86,HN99,#REF!,#REF!,#REF!,#REF!,#REF!,#REF!,#REF!,#REF!,#REF!,#REF!,#REF!) -> #REF! | HO21: =SUM(HO34,HO47,HO60,HO73,HO86,HO99,#REF!,#REF!,#REF!,#REF!,#REF!,#REF!,#REF!,#REF!,#REF!,#REF!,#REF!) -> #REF! | HP21: =SUM(HM21:HN21)-HO21 -> #REF! | HQ21: =SUM(HQ34,HQ47,HQ60,HQ73,HQ86,HQ99,#REF!,#REF!,#REF!,#REF!,#REF!,#REF!,#REF!,#REF!,#REF!,#REF!,#REF!) -> #REF! | HR21: =SUM(HR34,HR47,HR60,HR73,HR86,HR99,#REF!,#REF!,#REF!,#REF!,#REF!,#REF!,#REF!,#REF!,#REF!,#REF!,#REF!) -> #REF! | HU21: =SUM(HU34,HU47,HU60,HU73,HU86,HU99,#REF!,#REF!,#REF!,#REF!,#REF!,#REF!,#REF!,#REF!,#REF!,#REF!,#REF!) -> #REF! | HV21: =SUM(HV34,HV47,HV60,HV73,HV86,HV99,#REF!,#REF!,#REF!,#REF!,#REF!,#REF!,#REF!,#REF!,#REF!,#REF!,#REF!) -> #REF! | HW21: =SUM(HU21:HV21) -> #REF! | HX21: =SUM(HX34,HX47,HX60,HX73,HX86,HX99,#REF!,#REF!,#REF!,#REF!,#REF!,#REF!,#REF!,#REF!,#REF!,#REF!,#REF!) -> #REF! | HY21: =SUM(HY34,HY47,HY60,HY73,HY86,HY99,#REF!,#REF!,#REF!,#REF!,#REF!,#REF!,#REF!,#REF!,#REF!,#REF!,#REF!) -> #REF! | HZ21: =SUM(HZ34,HZ47,HZ60,HZ73,HZ86,HZ99,#REF!,#REF!,#REF!,#REF!,#REF!,#REF!,#REF!,#REF!,#REF!,#REF!,#REF!) -> #REF! | IA21: =SUM(HX21:HY21)-HZ21 -> #REF! | IB21: =SUM(IB34,IB47,IB60,IB73,IB86,IB99,#REF!,#REF!,#REF!,#REF!,#REF!,#REF!,#REF!,#REF!,#REF!,#REF!,#REF!) -> #REF! | IC21: =SUM(IC34,IC47,IC60,IC73,IC86,IC99,#REF!,#REF!,#REF!,#REF!,#REF!,#REF!,#REF!,#REF!,#REF!,#REF!,#REF!) -> #REF! | ID21: =SUM(ID34,ID47,ID60,ID73,ID86,ID99,#REF!,#REF!,#REF!,#REF!,#REF!,#REF!,#REF!,#REF!,#REF!,#REF!,#REF!) -> #REF! | IE21: =SUM(IB21:IC21)-ID21 -> #REF! | IF21: =SUM(IF34,IF47,IF60,IF73,IF86,IF99,#REF!,#REF!,#REF!,#REF!,#REF!,#REF!,#REF!,#REF!,#REF!,#REF!,#REF!) -> #REF! | IG21: =SUM(IG34,IG47,IG60,IG73,IG86,IG99,#REF!,#REF!,#REF!,#REF!,#REF!,#REF!,#REF!,#REF!,#REF!,#REF!,#REF!) -> #REF! | IJ21: =SUM(IJ34,IJ47,IJ60,IJ73,IJ86,IJ99,#REF!,#REF!,#REF!,#REF!,#REF!,#REF!,#REF!,#REF!,#REF!,#REF!,#REF!) -> #REF! | IK21: =SUM(IK34,IK47,IK60,IK73,IK86,IK99,#REF!,#REF!,#REF!,#REF!,#REF!,#REF!,#REF!,#REF!,#REF!,#REF!,#REF!) -> #REF! | IL21: =SUM(IJ21:IK21) -> #REF! | IM21: =SUM(IM34,IM47,IM60,IM73,IM86,IM99,#REF!,#REF!,#REF!,#REF!,#REF!,#REF!,#REF!,#REF!,#REF!,#REF!,#REF!) -> #REF! | IN21: =SUM(IN34,IN47,IN60,IN73,IN86,IN99,#REF!,#REF!,#REF!,#REF!,#REF!,#REF!,#REF!,#REF!,#REF!,#REF!,#REF!) -> #REF! | IO21: =SUM(IO34,IO47,IO60,IO73,IO86,IO99,#REF!,#REF!,#REF!,#REF!,#REF!,#REF!,#REF!,#REF!,#REF!,#REF!,#REF!) -> #REF! | IP21: =SUM(IM21:IN21)-IO21 -> #REF! | IQ21: =SUM(IQ34,IQ47,IQ60,IQ73,IQ86,IQ99,#REF!,#REF!,#REF!,#REF!,#REF!,#REF!,#REF!,#REF!,#REF!,#REF!,#REF!) -> #REF! | IR21: =SUM(IR34,IR47,IR60,IR73,IR86,IR99,#REF!,#REF!,#REF!,#REF!,#REF!,#REF!,#REF!,#REF!,#REF!,#REF!,#REF!) -> #REF! | IS21: =SUM(IS34,IS47,IS60,IS73,IS86,IS99,#REF!,#REF!,#REF!,#REF!,#REF!,#REF!,#REF!,#REF!,#REF!,#REF!,#REF!) -> #REF! | IT21: =SUM(IQ21:IR21)-IS21 -> #REF! | IU21: =SUM(IU34,IU47,IU60,IU73,IU86,IU99,#REF!,#REF!,#REF!,#REF!,#REF!,#REF!,#REF!,#REF!,#REF!,#REF!,#REF!) -> #REF! | IV21: =SUM(IV34,IV47,IV60,IV73,IV86,IV99,#REF!,#REF!,#REF!,#REF!,#REF!,#REF!,#REF!,#REF!,#REF!,#REF!,#REF!) -> #REF! | IY21: =SUM(IY34,IY47,IY60,IY73,IY86,IY99,#REF!,#REF!,#REF!,#REF!,#REF!,#REF!,#REF!,#REF!,#REF!,#REF!,#REF!) -> #REF! | IZ21: =SUM(IZ34,IZ47,IZ60,IZ73,IZ86,IZ99,#REF!,#REF!,#REF!,#REF!,#REF!,#REF!,#REF!,#REF!,#REF!,#REF!,#REF!) -> #REF! | JA21: =SUM(IY21:IZ21) -> #REF! | JB21: =SUM(JB34,JB47,JB60,JB73,JB86,JB99,#REF!,#REF!,#REF!,#REF!,#REF!,#REF!,#REF!,#REF!,#REF!,#REF!,#REF!) -> #REF! | JC21: =SUM(JC34,JC47,JC60,JC73,JC86,JC99,#REF!,#REF!,#REF!,#REF!,#REF!,#REF!,#REF!,#REF!,#REF!,#REF!,#REF!) -> #REF! | JD21: =SUM(JD34,JD47,JD60,JD73,JD86,JD99,#REF!,#REF!,#REF!,#REF!,#REF!,#REF!,#REF!,#REF!,#REF!,#REF!,#REF!) -> #REF! | JE21: =SUM(JB21:JC21)-JD21 -> #REF! | JF21: =SUM(JF34,JF47,JF60,JF73,JF86,JF99,#REF!,#REF!,#REF!,#REF!,#REF!,#REF!,#REF!,#REF!,#REF!,#REF!,#REF!) -> #REF! | JG21: =SUM(JG34,JG47,JG60,JG73,JG86,JG99,#REF!,#REF!,#REF!,#REF!,#REF!,#REF!,#REF!,#REF!,#REF!,#REF!,#REF!) -> #REF! | JH21: =SUM(JH34,JH47,JH60,JH73,JH86,JH99,#REF!,#REF!,#REF!,#REF!,#REF!,#REF!,#REF!,#REF!,#REF!,#REF!,#REF!) -> #REF! | JI21: =SUM(JF21:JG21)-JH21 -> #REF! | JJ21: =SUM(JJ34,JJ47,JJ60,JJ73,JJ86,JJ99,#REF!,#REF!,#REF!,#REF!,#REF!,#REF!,#REF!,#REF!,#REF!,#REF!,#REF!) -> #REF! | JK21: =SUM(JK34,JK47,JK60,JK73,JK86,JK99,#REF!,#REF!,#REF!,#REF!,#REF!,#REF!,#REF!,#REF!,#REF!,#REF!,#REF!) -> #REF! | JN21: =SUM(JN34,JN47,JN60,JN73,JN86,JN99,#REF!,#REF!,#REF!,#REF!,#REF!,#REF!,#REF!,#REF!,#REF!,#REF!,#REF!) -> #REF! | JO21: =SUM(JO34,JO47,JO60,JO73,JO86,JO99,#REF!,#REF!,#REF!,#REF!,#REF!,#REF!,#REF!,#REF!,#REF!,#REF!,#REF!) -> #REF! | JP21: =SUM(JN21:JO21) -> #REF! | JQ21: =SUM(JQ34,JQ47,JQ60,JQ73,JQ86,JQ99,#REF!,#REF!,#REF!,#REF!,#REF!,#REF!,#REF!,#REF!,#REF!,#REF!,#REF!) -> #REF! | JR21: =SUM(JR34,JR47,JR60,JR73,JR86,JR99,#REF!,#REF!,#REF!,#REF!,#REF!,#REF!,#REF!,#REF!,#REF!,#REF!,#REF!) -> #REF! | JS21: =SUM(JS34,JS47,JS60,JS73,JS86,JS99,#REF!,#REF!,#REF!,#REF!,#REF!,#REF!,#REF!,#REF!,#REF!,#REF!,#REF!) -> #REF! | JT21: =SUM(JQ21:JR21)-JS21 -> #REF! | JU21: =SUM(JU34,JU47,JU60,JU73,JU86,JU99,#REF!,#REF!,#REF!,#REF!,#REF!,#REF!,#REF!,#REF!,#REF!,#REF!,#REF!) -> #REF! | JV21: =SUM(JV34,JV47,JV60,JV73,JV86,JV99,#REF!,#REF!,#REF!,#REF!,#REF!,#REF!,#REF!,#REF!,#REF!,#REF!,#REF!) -> #REF! | JW21: =SUM(JW34,JW47,JW60,JW73,JW86,JW99,#REF!,#REF!,#REF!,#REF!,#REF!,#REF!,#REF!,#REF!,#REF!,#REF!,#REF!) -> #REF! | JX21: =SUM(JU21:JV21)-JW21 -> #REF! | JY21: =SUM(JY34,JY47,JY60,JY73,JY86,JY99,#REF!,#REF!,#REF!,#REF!,#REF!,#REF!,#REF!,#REF!,#REF!,#REF!,#REF!) -> #REF! | JZ21: =SUM(JZ34,JZ47,JZ60,JZ73,JZ86,JZ99,#REF!,#REF!,#REF!,#REF!,#REF!,#REF!,#REF!,#REF!,#REF!,#REF!,#REF!) -> #REF! | KC21: =SUM(KC34,KC47,KC60,KC73,KC86,KC99,#REF!,#REF!,#REF!,#REF!,#REF!,#REF!,#REF!,#REF!,#REF!,#REF!,#REF!) -> #REF! | KD21: =SUM(KD34,KD47,KD60,KD73,KD86,KD99,#REF!,#REF!,#REF!,#REF!,#REF!,#REF!,#REF!,#REF!,#REF!,#REF!,#REF!) -> #REF! | KE21: =SUM(KC21:KD21) -> #REF! | KF21: =SUM(KF34,KF47,KF60,KF73,KF86,KF99,#REF!,#REF!,#REF!,#REF!,#REF!,#REF!,#REF!,#REF!,#REF!,#REF!,#REF!) -> #REF! | KG21: =SUM(KG34,KG47,KG60,KG73,KG86,KG99,#REF!,#REF!,#REF!,#REF!,#REF!,#REF!,#REF!,#REF!,#REF!,#REF!,#REF!) -> #REF! | KH21: =SUM(KH34,KH47,KH60,KH73,KH86,KH99,#REF!,#REF!,#REF!,#REF!,#REF!,#REF!,#REF!,#REF!,#REF!,#REF!,#REF!) -> #REF! | KI21: =SUM(KF21:KG21)-KH21 -> #REF! | KJ21: =SUM(KJ34,KJ47,KJ60,KJ73,KJ86,KJ99,#REF!,#REF!,#REF!,#REF!,#REF!,#REF!,#REF!,#REF!,#REF!,#REF!,#REF!) -> #REF! | KK21: =SUM(KK34,KK47,KK60,KK73,KK86,KK99,#REF!,#REF!,#REF!,#REF!,#REF!,#REF!,#REF!,#REF!,#REF!,#REF!,#REF!) -> #REF! | KL21: =SUM(KL34,KL47,KL60,KL73,KL86,KL99,#REF!,#REF!,#REF!,#REF!,#REF!,#REF!,#REF!,#REF!,#REF!,#REF!,#REF!) -> #REF! | KM21: =SUM(KJ21:KK21)-KL21 -> #REF! | KN21: =SUM(KN34,KN47,KN60,KN73,KN86,KN99,#REF!,#REF!,#REF!,#REF!,#REF!,#REF!,#REF!,#REF!,#REF!,#REF!,#REF!) -> #REF! | KO21: =SUM(KO34,KO47,KO60,KO73,KO86,KO99,#REF!,#REF!,#REF!,#REF!,#REF!,#REF!,#REF!,#REF!,#REF!,#REF!,#REF!) -> #REF! | KR21: =SUM(KR34,KR47,KR60,KR73,KR86,KR99,#REF!,#REF!,#REF!,#REF!,#REF!,#REF!,#REF!,#REF!,#REF!,#REF!,#REF!) -> #REF! | KS21: =SUM(KS34,KS47,KS60,KS73,KS86,KS99,#REF!,#REF!,#REF!,#REF!,#REF!,#REF!,#REF!,#REF!,#REF!,#REF!,#REF!) -> #REF! | KT21: =SUM(KR21:KS21) -> #REF! | KU21: =SUM(KU34,KU47,KU60,KU73,KU86,KU99,#REF!,#REF!,#REF!,#REF!,#REF!,#REF!,#REF!,#REF!,#REF!,#REF!,#REF!) -> #REF! | KV21: =SUM(KV34,KV47,KV60,KV73,KV86,KV99,#REF!,#REF!,#REF!,#REF!,#REF!,#REF!,#REF!,#REF!,#REF!,#REF!,#REF!) -> #REF! | KW21: =SUM(KW34,KW47,KW60,KW73,KW86,KW99,#REF!,#REF!,#REF!,#REF!,#REF!,#REF!,#REF!,#REF!,#REF!,#REF!,#REF!) -> #REF! | KX21: =SUM(KU21:KV21)-KW21 -> #REF! | KY21: =SUM(KY34,KY47,KY60,KY73,KY86,KY99,#REF!,#REF!,#REF!,#REF!,#REF!,#REF!,#REF!,#REF!,#REF!,#REF!,#REF!) -> #REF! | KZ21: =SUM(KZ34,KZ47,KZ60,KZ73,KZ86,KZ99,#REF!,#REF!,#REF!,#REF!,#REF!,#REF!,#REF!,#REF!,#REF!,#REF!,#REF!) -> #REF! | LA21: =SUM(LA34,LA47,LA60,LA73,LA86,LA99,#REF!,#REF!,#REF!,#REF!,#REF!,#REF!,#REF!,#REF!,#REF!,#REF!,#REF!) -> #REF! | LB21: =SUM(KY21:KZ21)-LA21 -> #REF! | LC21: =SUM(LC34,LC47,LC60,LC73,LC86,LC99,#REF!,#REF!,#REF!,#REF!,#REF!,#REF!,#REF!,#REF!,#REF!,#REF!,#REF!) -> #REF! | LD21: =SUM(LD34,LD47,LD60,LD73,LD86,LD99,#REF!,#REF!,#REF!,#REF!,#REF!,#REF!,#REF!,#REF!,#REF!,#REF!,#REF!) -> #REF! | LG21: =SUM(LG34,LG47,LG60,LG73,LG86,LG99,#REF!,#REF!,#REF!,#REF!,#REF!,#REF!,#REF!,#REF!,#REF!,#REF!,#REF!) -> #REF! | LH21: =SUM(LH34,LH47,LH60,LH73,LH86,LH99,#REF!,#REF!,#REF!,#REF!,#REF!,#REF!,#REF!,#REF!,#REF!,#REF!,#REF!) -> #REF! | LI21: =SUM(LG21:LH21) -> #REF! | LJ21: =SUM(LJ34,LJ47,LJ60,LJ73,LJ86,LJ99,#REF!,#REF!,#REF!,#REF!,#REF!,#REF!,#REF!,#REF!,#REF!,#REF!,#REF!) -> #REF! | LK21: =SUM(LK34,LK47,LK60,LK73,LK86,LK99,#REF!,#REF!,#REF!,#REF!,#REF!,#REF!,#REF!,#REF!,#REF!,#REF!,#REF!) -> #REF! | LL21: =SUM(LL34,LL47,LL60,LL73,LL86,LL99,#REF!,#REF!,#REF!,#REF!,#REF!,#REF!,#REF!,#REF!,#REF!,#REF!,#REF!) -> #REF! | LM21: =SUM(LJ21:LK21)-LL21 -> #REF! | LN21: =SUM(LN34,LN47,LN60,LN73,LN86,LN99,#REF!,#REF!,#REF!,#REF!,#REF!,#REF!,#REF!,#REF!,#REF!,#REF!,#REF!) -> #REF! | LO21: =SUM(LO34,LO47,LO60,LO73,LO86,LO99,#REF!,#REF!,#REF!,#REF!,#REF!,#REF!,#REF!,#REF!,#REF!,#REF!,#REF!) -> #REF! | LP21: =SUM(LP34,LP47,LP60,LP73,LP86,LP99,#REF!,#REF!,#REF!,#REF!,#REF!,#REF!,#REF!,#REF!,#REF!,#REF!,#REF!) -> #REF! | LQ21: =SUM(LN21:LO21)-LP21 -> #REF! | LR21: =SUM(LR34,LR47,LR60,LR73,LR86,LR99,#REF!,#REF!,#REF!,#REF!,#REF!,#REF!,#REF!,#REF!,#REF!,#REF!,#REF!) -> #REF! | LS21: =SUM(LS34,LS47,LS60,LS73,LS86,LS99,#REF!,#REF!,#REF!,#REF!,#REF!,#REF!,#REF!,#REF!,#REF!,#REF!,#REF!) -> #REF! | LV21: =SUM(LV34,LV47,LV60,LV73,LV86,LV99,#REF!,#REF!,#REF!,#REF!,#REF!,#REF!,#REF!,#REF!,#REF!,#REF!,#REF!) -> #REF! | LW21: =SUM(LW34,LW47,LW60,LW73,LW86,LW99,#REF!,#REF!,#REF!,#REF!,#REF!,#REF!,#REF!,#REF!,#REF!,#REF!,#REF!) -> #REF! | LX21: =SUM(LV21:LW21) -> #REF! | LY21: =SUM(LY34,LY47,LY60,LY73,LY86,LY99,#REF!,#REF!,#REF!,#REF!,#REF!,#REF!,#REF!,#REF!,#REF!,#REF!,#REF!) -> #REF! | LZ21: =SUM(LZ34,LZ47,LZ60,LZ73,LZ86,LZ99,#REF!,#REF!,#REF!,#REF!,#REF!,#REF!,#REF!,#REF!,#REF!,#REF!,#REF!) -> #REF! | MA21: =SUM(MA34,MA47,MA60,MA73,MA86,MA99,#REF!,#REF!,#REF!,#REF!,#REF!,#REF!,#REF!,#REF!,#REF!,#REF!,#REF!) -> #REF! | MB21: =SUM(LY21:LZ21)-MA21 -> #REF! | MC21: =SUM(MC34,MC47,MC60,MC73,MC86,MC99,#REF!,#REF!,#REF!,#REF!,#REF!,#REF!,#REF!,#REF!,#REF!,#REF!,#REF!) -> #REF! | MD21: =SUM(MD34,MD47,MD60,MD73,MD86,MD99,#REF!,#REF!,#REF!,#REF!,#REF!,#REF!,#REF!,#REF!,#REF!,#REF!,#REF!) -> #REF! | ME21: =SUM(ME34,ME47,ME60,ME73,ME86,ME99,#REF!,#REF!,#REF!,#REF!,#REF!,#REF!,#REF!,#REF!,#REF!,#REF!,#REF!) -> #REF! | MF21: =SUM(MC21:MD21)-ME21 -> #REF! | MG21: =SUM(MG34,MG47,MG60,MG73,MG86,MG99,#REF!,#REF!,#REF!,#REF!,#REF!,#REF!,#REF!,#REF!,#REF!,#REF!,#REF!) -> #REF! | MH21: =SUM(MH34,MH47,MH60,MH73,MH86,MH99,#REF!,#REF!,#REF!,#REF!,#REF!,#REF!,#REF!,#REF!,#REF!,#REF!,#REF!) -> #REF! | MK21: =SUM(MK34,MK47,MK60,MK73,MK86,MK99,#REF!,#REF!,#REF!,#REF!,#REF!,#REF!,#REF!,#REF!,#REF!,#REF!,#REF!) -> #REF! | ML21: =SUM(ML34,ML47,ML60,ML73,ML86,ML99,#REF!,#REF!,#REF!,#REF!,#REF!,#REF!,#REF!,#REF!,#REF!,#REF!,#REF!) -> #REF! | MM21: =SUM(MK21:ML21) -> #REF! | MN21: =SUM(MN34,MN47,MN60,MN73,MN86,MN99,#REF!,#REF!,#REF!,#REF!,#REF!,#REF!,#REF!,#REF!,#REF!,#REF!,#REF!) -> #REF! | MO21: =SUM(MO34,MO47,MO60,MO73,MO86,MO99,#REF!,#REF!,#REF!,#REF!,#REF!,#REF!,#REF!,#REF!,#REF!,#REF!,#REF!) -> #REF! | MP21: =SUM(MP34,MP47,MP60,MP73,MP86,MP99,#REF!,#REF!,#REF!,#REF!,#REF!,#REF!,#REF!,#REF!,#REF!,#REF!,#REF!) -> #REF! | MQ21: =SUM(MN21:MO21)-MP21 -> #REF! | MR21: =SUM(MR34,MR47,MR60,MR73,MR86,MR99,#REF!,#REF!,#REF!,#REF!,#REF!,#REF!,#REF!,#REF!,#REF!,#REF!,#REF!) -> #REF! | MS21: =SUM(MS34,MS47,MS60,MS73,MS86,MS99,#REF!,#REF!,#REF!,#REF!,#REF!,#REF!,#REF!,#REF!,#REF!,#REF!,#REF!) -> #REF! | MT21: =SUM(MT34,MT47,MT60,MT73,MT86,MT99,#REF!,#REF!,#REF!,#REF!,#REF!,#REF!,#REF!,#REF!,#REF!,#REF!,#REF!) -> #REF! | MU21: =SUM(MR21:MS21)-MT21 -> #REF! | MV21: =SUM(MV34,MV47,MV60,MV73,MV86,MV99,#REF!,#REF!,#REF!,#REF!,#REF!,#REF!,#REF!,#REF!,#REF!,#REF!,#REF!) -> #REF! | MW21: =SUM(MW34,MW47,MW60,MW73,MW86,MW99,#REF!,#REF!,#REF!,#REF!,#REF!,#REF!,#REF!,#REF!,#REF!,#REF!,#REF!) -> #REF! | MZ21: =SUM(MZ34,MZ47,MZ60,MZ73,MZ86,MZ99,#REF!,#REF!,#REF!,#REF!,#REF!,#REF!,#REF!,#REF!,#REF!,#REF!,#REF!) -> #REF! | NA21: =SUM(NA34,NA47,NA60,NA73,NA86,NA99,#REF!,#REF!,#REF!,#REF!,#REF!,#REF!,#REF!,#REF!,#REF!,#REF!,#REF!) -> #REF! | NB21: =SUM(MZ21:NA21) -> #REF! | NC21: =SUM(NC34,NC47,NC60,NC73,NC86,NC99,#REF!,#REF!,#REF!,#REF!,#REF!,#REF!,#REF!,#REF!,#REF!,#REF!,#REF!) -> #REF! | ND21: =SUM(ND34,ND47,ND60,ND73,ND86,ND99,#REF!,#REF!,#REF!,#REF!,#REF!,#REF!,#REF!,#REF!,#REF!,#REF!,#REF!) -> #REF! | NE21: =SUM(NE34,NE47,NE60,NE73,NE86,NE99,#REF!,#REF!,#REF!,#REF!,#REF!,#REF!,#REF!,#REF!,#REF!,#REF!,#REF!) -> #REF! | NF21: =SUM(NC21:ND21)-NE21 -> #REF! | NG21: =SUM(NG34,NG47,NG60,NG73,NG86,NG99,#REF!,#REF!,#REF!,#REF!,#REF!,#REF!,#REF!,#REF!,#REF!,#REF!,#REF!) -> #REF! | NH21: =SUM(NH34,NH47,NH60,NH73,NH86,NH99,#REF!,#REF!,#REF!,#REF!,#REF!,#REF!,#REF!,#REF!,#REF!,#REF!,#REF!) -> #REF! | NI21: =SUM(NI34,NI47,NI60,NI73,NI86,NI99,#REF!,#REF!,#REF!,#REF!,#REF!,#REF!,#REF!,#REF!,#REF!,#REF!,#REF!) -> #REF! | NJ21: =SUM(NG21:NH21)-NI21 -> #REF! | NK21: =SUM(NK34,NK47,NK60,NK73,NK86,NK99,#REF!,#REF!,#REF!,#REF!,#REF!,#REF!,#REF!,#REF!,#REF!,#REF!,#REF!) -> #REF! | NL21: =SUM(NL34,NL47,NL60,NL73,NL86,NL99,#REF!,#REF!,#REF!,#REF!,#REF!,#REF!,#REF!,#REF!,#REF!,#REF!,#REF!) -> #REF! | NO21: =SUM(NO34,NO47,NO60,NO73,NO86,NO99,#REF!,#REF!,#REF!,#REF!,#REF!,#REF!,#REF!,#REF!,#REF!,#REF!,#REF!) -> #REF! | NP21: =SUM(NP34,NP47,NP60,NP73,NP86,NP99,#REF!,#REF!,#REF!,#REF!,#REF!,#REF!,#REF!,#REF!,#REF!,#REF!,#REF!) -> #REF! | NQ21: =SUM(NO21:NP21) -> #REF! | NR21: =SUM(NR34,NR47,NR60,NR73,NR86,NR99,#REF!,#REF!,#REF!,#REF!,#REF!,#REF!,#REF!,#REF!,#REF!,#REF!,#REF!) -> #REF! | NS21: =SUM(NS34,NS47,NS60,NS73,NS86,NS99,#REF!,#REF!,#REF!,#REF!,#REF!,#REF!,#REF!,#REF!,#REF!,#REF!,#REF!) -> #REF! | NT21: =SUM(NT34,NT47,NT60,NT73,NT86,NT99,#REF!,#REF!,#REF!,#REF!,#REF!,#REF!,#REF!,#REF!,#REF!,#REF!,#REF!) -> #REF! | NU21: =SUM(NR21:NS21)-NT21 -> #REF! | NV21: =SUM(NV34,NV47,NV60,NV73,NV86,NV99,#REF!,#REF!,#REF!,#REF!,#REF!,#REF!,#REF!,#REF!,#REF!,#REF!,#REF!) -> #REF! | NW21: =SUM(NW34,NW47,NW60,NW73,NW86,NW99,#REF!,#REF!,#REF!,#REF!,#REF!,#REF!,#REF!,#REF!,#REF!,#REF!,#REF!) -> #REF! | NX21: =SUM(NX34,NX47,NX60,NX73,NX86,NX99,#REF!,#REF!,#REF!,#REF!,#REF!,#REF!,#REF!,#REF!,#REF!,#REF!,#REF!) -> #REF! | NY21: =SUM(NV21:NW21)-NX21 -> #REF! | NZ21: =SUM(NZ34,NZ47,NZ60,NZ73,NZ86,NZ99,#REF!,#REF!,#REF!,#REF!,#REF!,#REF!,#REF!,#REF!,#REF!,#REF!,#REF!) -> #REF! | OA21: =SUM(OA34,OA47,OA60,OA73,OA86,OA99,#REF!,#REF!,#REF!,#REF!,#REF!,#REF!,#REF!,#REF!,#REF!,#REF!,#REF!) -> #REF! | OD21: =SUM(OD34,OD47,OD60,OD73,OD86,OD99,#REF!,#REF!,#REF!,#REF!,#REF!,#REF!,#REF!,#REF!,#REF!,#REF!,#REF!) -> #REF! | OE21: =SUM(OE34,OE47,OE60,OE73,OE86,OE99,#REF!,#REF!,#REF!,#REF!,#REF!,#REF!,#REF!,#REF!,#REF!,#REF!,#REF!) -> #REF! | OF21: =SUM(OD21:OE21) -> #REF! | OG21: =SUM(OG34,OG47,OG60,OG73,OG86,OG99,#REF!,#REF!,#REF!,#REF!,#REF!,#REF!,#REF!,#REF!,#REF!,#REF!,#REF!) -> #REF! | OH21: =SUM(OH34,OH47,OH60,OH73,OH86,OH99,#REF!,#REF!,#REF!,#REF!,#REF!,#REF!,#REF!,#REF!,#REF!,#REF!,#REF!) -> #REF! | OI21: =SUM(OI34,OI47,OI60,OI73,OI86,OI99,#REF!,#REF!,#REF!,#REF!,#REF!,#REF!,#REF!,#REF!,#REF!,#REF!,#REF!) -> #REF! | OJ21: =SUM(OG21:OH21)-OI21 -> #REF! | OK21: =SUM(OK34,OK47,OK60,OK73,OK86,OK99,#REF!,#REF!,#REF!,#REF!,#REF!,#REF!,#REF!,#REF!,#REF!,#REF!,#REF!) -> #REF! | OL21: =SUM(OL34,OL47,OL60,OL73,OL86,OL99,#REF!,#REF!,#REF!,#REF!,#REF!,#REF!,#REF!,#REF!,#REF!,#REF!,#REF!) -> #REF! | OM21: =SUM(OM34,OM47,OM60,OM73,OM86,OM99,#REF!,#REF!,#REF!,#REF!,#REF!,#REF!,#REF!,#REF!,#REF!,#REF!,#REF!) -> #REF! | ON21: =SUM(OK21:OL21)-OM21 -> #REF! | OO21: =SUM(OO34,OO47,OO60,OO73,OO86,OO99,#REF!,#REF!,#REF!,#REF!,#REF!,#REF!,#REF!,#REF!,#REF!,#REF!,#REF!) -> #REF! | OP21: =SUM(OP34,OP47,OP60,OP73,OP86,OP99,#REF!,#REF!,#REF!,#REF!,#REF!,#REF!,#REF!,#REF!,#REF!,#REF!,#REF!) -> #REF! | OS21: =SUM(OS34,OS47,OS60,OS73,OS86,OS99,#REF!,#REF!,#REF!,#REF!,#REF!,#REF!,#REF!,#REF!,#REF!,#REF!,#REF!) -> #REF! | OT21: =SUM(OT34,OT47,OT60,OT73,OT86,OT99,#REF!,#REF!,#REF!,#REF!,#REF!,#REF!,#REF!,#REF!,#REF!,#REF!,#REF!) -> #REF! | OU21: =SUM(OS21:OT21) -> #REF! | OV21: =SUM(OV34,OV47,OV60,OV73,OV86,OV99,#REF!,#REF!,#REF!,#REF!,#REF!,#REF!,#REF!,#REF!,#REF!,#REF!,#REF!) -> #REF! | OW21: =SUM(OW34,OW47,OW60,OW73,OW86,OW99,#REF!,#REF!,#REF!,#REF!,#REF!,#REF!,#REF!,#REF!,#REF!,#REF!,#REF!) -> #REF! | OX21: =SUM(OX34,OX47,OX60,OX73,OX86,OX99,#REF!,#REF!,#REF!,#REF!,#REF!,#REF!,#REF!,#REF!,#REF!,#REF!,#REF!) -> #REF! | OY21: =SUM(OV21:OW21)-OX21 -> #REF! | OZ21: =SUM(OZ34,OZ47,OZ60,OZ73,OZ86,OZ99,#REF!,#REF!,#REF!,#REF!,#REF!,#REF!,#REF!,#REF!,#REF!,#REF!,#REF!) -> #REF! | PA21: =SUM(PA34,PA47,PA60,PA73,PA86,PA99,#REF!,#REF!,#REF!,#REF!,#REF!,#REF!,#REF!,#REF!,#REF!,#REF!,#REF!) -> #REF! | PB21: =SUM(PB34,PB47,PB60,PB73,PB86,PB99,#REF!,#REF!,#REF!,#REF!,#REF!,#REF!,#REF!,#REF!,#REF!,#REF!,#REF!) -> #REF! | PC21: =SUM(OZ21:PA21)-PB21 -> #REF! | PD21: =SUM(PD34,PD47,PD60,PD73,PD86,PD99,#REF!,#REF!,#REF!,#REF!,#REF!,#REF!,#REF!,#REF!,#REF!,#REF!,#REF!) -> #REF! | PE21: =SUM(PE34,PE47,PE60,PE73,PE86,PE99,#REF!,#REF!,#REF!,#REF!,#REF!,#REF!,#REF!,#REF!,#REF!,#REF!,#REF!) -> #REF! | PH21: =SUM(PH34,PH47,PH60,PH73,PH86,PH99,#REF!,#REF!,#REF!,#REF!,#REF!,#REF!,#REF!,#REF!,#REF!,#REF!,#REF!) -> #REF! | PI21: =SUM(PI34,PI47,PI60,PI73,PI86,PI99,#REF!,#REF!,#REF!,#REF!,#REF!,#REF!,#REF!,#REF!,#REF!,#REF!,#REF!) -> #REF! | PJ21: =SUM(PH21:PI21) -> #REF! | PK21: =SUM(PK34,PK47,PK60,PK73,PK86,PK99,#REF!,#REF!,#REF!,#REF!,#REF!,#REF!,#REF!,#REF!,#REF!,#REF!,#REF!) -> #REF! | PL21: =SUM(PL34,PL47,PL60,PL73,PL86,PL99,#REF!,#REF!,#REF!,#REF!,#REF!,#REF!,#REF!,#REF!,#REF!,#REF!,#REF!) -> #REF! | PM21: =SUM(PM34,PM47,PM60,PM73,PM86,PM99,#REF!,#REF!,#REF!,#REF!,#REF!,#REF!,#REF!,#REF!,#REF!,#REF!,#REF!) -> #REF! | PN21: =SUM(PK21:PL21)-PM21 -> #REF! | PO21: =SUM(PO34,PO47,PO60,PO73,PO86,PO99,#REF!,#REF!,#REF!,#REF!,#REF!,#REF!,#REF!,#REF!,#REF!,#REF!,#REF!) -> #REF! | PP21: =SUM(PP34,PP47,PP60,PP73,PP86,PP99,#REF!,#REF!,#REF!,#REF!,#REF!,#REF!,#REF!,#REF!,#REF!,#REF!,#REF!) -> #REF! | PQ21: =SUM(PQ34,PQ47,PQ60,PQ73,PQ86,PQ99,#REF!,#REF!,#REF!,#REF!,#REF!,#REF!,#REF!,#REF!,#REF!,#REF!,#REF!) -> #REF! | PR21: =SUM(PO21:PP21)-PQ21 -> #REF! | PS21: =SUM(PS34,PS47,PS60,PS73,PS86,PS99,#REF!,#REF!,#REF!,#REF!,#REF!,#REF!,#REF!,#REF!,#REF!,#REF!,#REF!) -> #REF! | PT21: =SUM(PT34,PT47,PT60,PT73,PT86,PT99,#REF!,#REF!,#REF!,#REF!,#REF!,#REF!,#REF!,#REF!,#REF!,#REF!,#REF!) -> #REF! | PW21: =SUM(PW34,PW47,PW60,PW73,PW86,PW99,#REF!,#REF!,#REF!,#REF!,#REF!,#REF!,#REF!,#REF!,#REF!,#REF!,#REF!) -> #REF! | PX21: =SUM(PX34,PX47,PX60,PX73,PX86,PX99,#REF!,#REF!,#REF!,#REF!,#REF!,#REF!,#REF!,#REF!,#REF!,#REF!,#REF!) -> #REF! | PY21: =SUM(PW21:PX21) -> #REF! | PZ21: =SUM(PZ34,PZ47,PZ60,PZ73,PZ86,PZ99,#REF!,#REF!,#REF!,#REF!,#REF!,#REF!,#REF!,#REF!,#REF!,#REF!,#REF!) -> #REF! | QA21: =SUM(QA34,QA47,QA60,QA73,QA86,QA99,#REF!,#REF!,#REF!,#REF!,#REF!,#REF!,#REF!,#REF!,#REF!,#REF!,#REF!) -> #REF! | QB21: =SUM(QB34,QB47,QB60,QB73,QB86,QB99,#REF!,#REF!,#REF!,#REF!,#REF!,#REF!,#REF!,#REF!,#REF!,#REF!,#REF!) -> #REF! | QC21: =SUM(PZ21:QA21)-QB21 -> #REF! | QD21: =SUM(QD34,QD47,QD60,QD73,QD86,QD99,#REF!,#REF!,#REF!,#REF!,#REF!,#REF!,#REF!,#REF!,#REF!,#REF!,#REF!) -> #REF! | QE21: =SUM(QE34,QE47,QE60,QE73,QE86,QE99,#REF!,#REF!,#REF!,#REF!,#REF!,#REF!,#REF!,#REF!,#REF!,#REF!,#REF!) -> #REF! | QF21: =SUM(QF34,QF47,QF60,QF73,QF86,QF99,#REF!,#REF!,#REF!,#REF!,#REF!,#REF!,#REF!,#REF!,#REF!,#REF!,#REF!) -> #REF! | QG21: =SUM(QD21:QE21)-QF21 -> #REF! | QH21: =SUM(QH34,QH47,QH60,QH73,QH86,QH99,#REF!,#REF!,#REF!,#REF!,#REF!,#REF!,#REF!,#REF!,#REF!,#REF!,#REF!) -> #REF! | QI21: =SUM(QI34,QI47,QI60,QI73,QI86,QI99,#REF!,#REF!,#REF!,#REF!,#REF!,#REF!,#REF!,#REF!,#REF!,#REF!,#REF!) -> #REF! | QL21: =SUM(QL34,QL47,QL60,QL73,QL86,QL99,#REF!,#REF!,#REF!,#REF!,#REF!,#REF!,#REF!,#REF!,#REF!,#REF!,#REF!) -> #REF! | QM21: =SUM(QM34,QM47,QM60,QM73,QM86,QM99,#REF!,#REF!,#REF!,#REF!,#REF!,#REF!,#REF!,#REF!,#REF!,#REF!,#REF!) -> #REF! | QN21: =SUM(QL21:QM21) -> #REF! | QO21: =SUM(QO34,QO47,QO60,QO73,QO86,QO99,#REF!,#REF!,#REF!,#REF!,#REF!,#REF!,#REF!,#REF!,#REF!,#REF!,#REF!) -> #REF! | QP21: =SUM(QP34,QP47,QP60,QP73,QP86,QP99,#REF!,#REF!,#REF!,#REF!,#REF!,#REF!,#REF!,#REF!,#REF!,#REF!,#REF!) -> #REF! | QQ21: =SUM(QQ34,QQ47,QQ60,QQ73,QQ86,QQ99,#REF!,#REF!,#REF!,#REF!,#REF!,#REF!,#REF!,#REF!,#REF!,#REF!,#REF!) -> #REF! | QR21: =SUM(QO21:QP21)-QQ21 -> #REF! | QS21: =SUM(QS34,QS47,QS60,QS73,QS86,QS99,#REF!,#REF!,#REF!,#REF!,#REF!,#REF!,#REF!,#REF!,#REF!,#REF!,#REF!) -> #REF! | QT21: =SUM(QT34,QT47,QT60,QT73,QT86,QT99,#REF!,#REF!,#REF!,#REF!,#REF!,#REF!,#REF!,#REF!,#REF!,#REF!,#REF!) -> #REF! | QU21: =SUM(QU34,QU47,QU60,QU73,QU86,QU99,#REF!,#REF!,#REF!,#REF!,#REF!,#REF!,#REF!,#REF!,#REF!,#REF!,#REF!) -> #REF! | QV21: =SUM(QS21:QT21)-QU21 -> #REF! | QW21: =SUM(QW34,QW47,QW60,QW73,QW86,QW99,#REF!,#REF!,#REF!,#REF!,#REF!,#REF!,#REF!,#REF!,#REF!,#REF!,#REF!) -> #REF! | QX21: =SUM(QX34,QX47,QX60,QX73,QX86,QX99,#REF!,#REF!,#REF!,#REF!,#REF!,#REF!,#REF!,#REF!,#REF!,#REF!,#REF!) -> #REF! | RA21: =SUM(RA34,RA47,RA60,RA73,RA86,RA99,#REF!,#REF!,#REF!,#REF!,#REF!,#REF!,#REF!,#REF!,#REF!,#REF!,#REF!) -> #REF! | RB21: =SUM(RB34,RB47,RB60,RB73,RB86,RB99,#REF!,#REF!,#REF!,#REF!,#REF!,#REF!,#REF!,#REF!,#REF!,#REF!,#REF!) -> #REF! | RC21: =SUM(RA21:RB21) -> #REF! | RD21: =SUM(RD34,RD47,RD60,RD73,RD86,RD99,#REF!,#REF!,#REF!,#REF!,#REF!,#REF!,#REF!,#REF!,#REF!,#REF!,#REF!) -> #REF! | RE21: =SUM(RE34,RE47,RE60,RE73,RE86,RE99,#REF!,#REF!,#REF!,#REF!,#REF!,#REF!,#REF!,#REF!,#REF!,#REF!,#REF!) -> #REF! | RF21: =SUM(RF34,RF47,RF60,RF73,RF86,RF99,#REF!,#REF!,#REF!,#REF!,#REF!,#REF!,#REF!,#REF!,#REF!,#REF!,#REF!) -> #REF! | RG21: =SUM(RD21:RE21)-RF21 -> #REF! | RH21: =SUM(RH34,RH47,RH60,RH73,RH86,RH99,#REF!,#REF!,#REF!,#REF!,#REF!,#REF!,#REF!,#REF!,#REF!,#REF!,#REF!) -> #REF! | RI21: =SUM(RI34,RI47,RI60,RI73,RI86,RI99,#REF!,#REF!,#REF!,#REF!,#REF!,#REF!,#REF!,#REF!,#REF!,#REF!,#REF!) -> #REF! | RJ21: =SUM(RJ34,RJ47,RJ60,RJ73,RJ86,RJ99,#REF!,#REF!,#REF!,#REF!,#REF!,#REF!,#REF!,#REF!,#REF!,#REF!,#REF!) -> #REF! | RK21: =SUM(RH21:RI21)-RJ21 -> #REF! | RL21: =SUM(RL34,RL47,RL60,RL73,RL86,RL99,#REF!,#REF!,#REF!,#REF!,#REF!,#REF!,#REF!,#REF!,#REF!,#REF!,#REF!) -> #REF! | RM21: =SUM(RM34,RM47,RM60,RM73,RM86,RM99,#REF!,#REF!,#REF!,#REF!,#REF!,#REF!,#REF!,#REF!,#REF!,#REF!,#REF!) -> #REF! | RP21: =SUM(RP34,RP47,RP60,RP73,RP86,RP99,#REF!,#REF!,#REF!,#REF!,#REF!,#REF!,#REF!,#REF!,#REF!,#REF!,#REF!) -> #REF! | RQ21: =SUM(RQ34,RQ47,RQ60,RQ73,RQ86,RQ99,#REF!,#REF!,#REF!,#REF!,#REF!,#REF!,#REF!,#REF!,#REF!,#REF!,#REF!) -> #REF! | RR21: =SUM(RP21:RQ21) -> #REF! | RS21: =SUM(RS34,RS47,RS60,RS73,RS86,RS99,#REF!,#REF!,#REF!,#REF!,#REF!,#REF!,#REF!,#REF!,#REF!,#REF!,#REF!) -> #REF! | RT21: =SUM(RT34,RT47,RT60,RT73,RT86,RT99,#REF!,#REF!,#REF!,#REF!,#REF!,#REF!,#REF!,#REF!,#REF!,#REF!,#REF!) -> #REF! | RU21: =SUM(RU34,RU47,RU60,RU73,RU86,RU99,#REF!,#REF!,#REF!,#REF!,#REF!,#REF!,#REF!,#REF!,#REF!,#REF!,#REF!) -> #REF! | RV21: =SUM(RS21:RT21)-RU21 -> #REF! | RW21: =SUM(RW34,RW47,RW60,RW73,RW86,RW99,#REF!,#REF!,#REF!,#REF!,#REF!,#REF!,#REF!,#REF!,#REF!,#REF!,#REF!) -> #REF! | RX21: =SUM(RX34,RX47,RX60,RX73,RX86,RX99,#REF!,#REF!,#REF!,#REF!,#REF!,#REF!,#REF!,#REF!,#REF!,#REF!,#REF!) -> #REF! | RY21: =SUM(RY34,RY47,RY60,RY73,RY86,RY99,#REF!,#REF!,#REF!,#REF!,#REF!,#REF!,#REF!,#REF!,#REF!,#REF!,#REF!) -> #REF! | RZ21: =SUM(RW21:RX21)-RY21 -> #REF! | SA21: =SUM(SA34,SA47,SA60,SA73,SA86,SA99,#REF!,#REF!,#REF!,#REF!,#REF!,#REF!,#REF!,#REF!,#REF!,#REF!,#REF!) -> #REF! | SB21: =SUM(SB34,SB47,SB60,SB73,SB86,SB99,#REF!,#REF!,#REF!,#REF!,#REF!,#REF!,#REF!,#REF!,#REF!,#REF!,#REF!) -> #REF! | SE21: =SUM(SE34,SE47,SE60,SE73,SE86,SE99,#REF!,#REF!,#REF!,#REF!,#REF!,#REF!,#REF!,#REF!,#REF!,#REF!,#REF!) -> #REF! | SF21: =SUM(SF34,SF47,SF60,SF73,SF86,SF99,#REF!,#REF!,#REF!,#REF!,#REF!,#REF!,#REF!,#REF!,#REF!,#REF!,#REF!) -> #REF! | SG21: =SUM(SE21:SF21) -> #REF! | SH21: =SUM(SH34,SH47,SH60,SH73,SH86,SH99,#REF!,#REF!,#REF!,#REF!,#REF!,#REF!,#REF!,#REF!,#REF!,#REF!,#REF!) -> #REF! | SI21: =SUM(SI34,SI47,SI60,SI73,SI86,SI99,#REF!,#REF!,#REF!,#REF!,#REF!,#REF!,#REF!,#REF!,#REF!,#REF!,#REF!) -> #REF! | SJ21: =SUM(SJ34,SJ47,SJ60,SJ73,SJ86,SJ99,#REF!,#REF!,#REF!,#REF!,#REF!,#REF!,#REF!,#REF!,#REF!,#REF!,#REF!) -> #REF! | SK21: =SUM(SH21:SI21)-SJ21 -> #REF! | SL21: =SUM(SL34,SL47,SL60,SL73,SL86,SL99,#REF!,#REF!,#REF!,#REF!,#REF!,#REF!,#REF!,#REF!,#REF!,#REF!,#REF!) -> #REF! | SM21: =SUM(SM34,SM47,SM60,SM73,SM86,SM99,#REF!,#REF!,#REF!,#REF!,#REF!,#REF!,#REF!,#REF!,#REF!,#REF!,#REF!) -> #REF! | SN21: =SUM(SN34,SN47,SN60,SN73,SN86,SN99,#REF!,#REF!,#REF!,#REF!,#REF!,#REF!,#REF!,#REF!,#REF!,#REF!,#REF!) -> #REF! | SO21: =SUM(SL21:SM21)-SN21 -> #REF! | SP21: =SUM(SP34,SP47,SP60,SP73,SP86,SP99,#REF!,#REF!,#REF!,#REF!,#REF!,#REF!,#REF!,#REF!,#REF!,#REF!,#REF!) -> #REF! | SQ21: =SUM(SQ34,SQ47,SQ60,SQ73,SQ86,SQ99,#REF!,#REF!,#REF!,#REF!,#REF!,#REF!,#REF!,#REF!,#REF!,#REF!,#REF!) -> #REF! | ST21: =SUM(ST34,ST47,ST60,ST73,ST86,ST99,#REF!,#REF!,#REF!,#REF!,#REF!,#REF!,#REF!,#REF!,#REF!,#REF!,#REF!) -> #REF! | SU21: =SUM(SU34,SU47,SU60,SU73,SU86,SU99,#REF!,#REF!,#REF!,#REF!,#REF!,#REF!,#REF!,#REF!,#REF!,#REF!,#REF!) -> #REF! | SV21: =SUM(ST21:SU21) -> #REF! | SW21: =SUM(SW34,SW47,SW60,SW73,SW86,SW99,#REF!,#REF!,#REF!,#REF!,#REF!,#REF!,#REF!,#REF!,#REF!,#REF!,#REF!) -> #REF! | SX21: =SUM(SX34,SX47,SX60,SX73,SX86,SX99,#REF!,#REF!,#REF!,#REF!,#REF!,#REF!,#REF!,#REF!,#REF!,#REF!,#REF!) -> #REF! | SY21: =SUM(SY34,SY47,SY60,SY73,SY86,SY99,#REF!,#REF!,#REF!,#REF!,#REF!,#REF!,#REF!,#REF!,#REF!,#REF!,#REF!) -> #REF! | SZ21: =SUM(SW21:SX21)-SY21 -> #REF! | TA21: =SUM(TA34,TA47,TA60,TA73,TA86,TA99,#REF!,#REF!,#REF!,#REF!,#REF!,#REF!,#REF!,#REF!,#REF!,#REF!,#REF!) -> #REF! | TB21: =SUM(TB34,TB47,TB60,TB73,TB86,TB99,#REF!,#REF!,#REF!,#REF!,#REF!,#REF!,#REF!,#REF!,#REF!,#REF!,#REF!) -> #REF! | TC21: =SUM(TC34,TC47,TC60,TC73,TC86,TC99,#REF!,#REF!,#REF!,#REF!,#REF!,#REF!,#REF!,#REF!,#REF!,#REF!,#REF!) -> #REF! | TD21: =SUM(TA21:TB21)-TC21 -> #REF! | TE21: =SUM(TE34,TE47,TE60,TE73,TE86,TE99,#REF!,#REF!,#REF!,#REF!,#REF!,#REF!,#REF!,#REF!,#REF!,#REF!,#REF!) -> #REF! | TF21: =SUM(TF34,TF47,TF60,TF73,TF86,TF99,#REF!,#REF!,#REF!,#REF!,#REF!,#REF!,#REF!,#REF!,#REF!,#REF!,#REF!) -> #REF! | TI21: =SUM(TI34,TI47,TI60,TI73,TI86,TI99,#REF!,#REF!,#REF!,#REF!,#REF!,#REF!,#REF!,#REF!,#REF!,#REF!,#REF!) -> #REF! | TJ21: =SUM(TJ34,TJ47,TJ60,TJ73,TJ86,TJ99,#REF!,#REF!,#REF!,#REF!,#REF!,#REF!,#REF!,#REF!,#REF!,#REF!,#REF!) -> #REF! | TK21: =SUM(TI21:TJ21) -> #REF! | TL21: =SUM(TL34,TL47,TL60,TL73,TL86,TL99,#REF!,#REF!,#REF!,#REF!,#REF!,#REF!,#REF!,#REF!,#REF!,#REF!,#REF!) -> #REF! | TM21: =SUM(TM34,TM47,TM60,TM73,TM86,TM99,#REF!,#REF!,#REF!,#REF!,#REF!,#REF!,#REF!,#REF!,#REF!,#REF!,#REF!) -> #REF! | TN21: =SUM(TN34,TN47,TN60,TN73,TN86,TN99,#REF!,#REF!,#REF!,#REF!,#REF!,#REF!,#REF!,#REF!,#REF!,#REF!,#REF!) -> #REF! | TO21: =SUM(TL21:TM21)-TN21 -> #REF! | TP21: =SUM(TP34,TP47,TP60,TP73,TP86,TP99,#REF!,#REF!,#REF!,#REF!,#REF!,#REF!,#REF!,#REF!,#REF!,#REF!,#REF!) -> #REF! | TQ21: =SUM(TQ34,TQ47,TQ60,TQ73,TQ86,TQ99,#REF!,#REF!,#REF!,#REF!,#REF!,#REF!,#REF!,#REF!,#REF!,#REF!,#REF!) -> #REF! | TR21: =SUM(TR34,TR47,TR60,TR73,TR86,TR99,#REF!,#REF!,#REF!,#REF!,#REF!,#REF!,#REF!,#REF!,#REF!,#REF!,#REF!) -> #REF! | TS21: =SUM(TP21:TQ21)-TR21 -> #REF! | TT21: =SUM(TT34,TT47,TT60,TT73,TT86,TT99,#REF!,#REF!,#REF!,#REF!,#REF!,#REF!,#REF!,#REF!,#REF!,#REF!,#REF!) -> #REF! | TU21: =SUM(TU34,TU47,TU60,TU73,TU86,TU99,#REF!,#REF!,#REF!,#REF!,#REF!,#REF!,#REF!,#REF!,#REF!,#REF!,#REF!) -> #REF! | TX21: =SUM(TX34,TX47,TX60,TX73,TX86,TX99,#REF!,#REF!,#REF!,#REF!,#REF!,#REF!,#REF!,#REF!,#REF!,#REF!,#REF!) -> #REF! | TY21: =SUM(TY34,TY47,TY60,TY73,TY86,TY99,#REF!,#REF!,#REF!,#REF!,#REF!,#REF!,#REF!,#REF!,#REF!,#REF!,#REF!) -> #REF! | TZ21: =SUM(TX21:TY21) -> #REF! | UA21: =SUM(UA34,UA47,UA60,UA73,UA86,UA99,#REF!,#REF!,#REF!,#REF!,#REF!,#REF!,#REF!,#REF!,#REF!,#REF!,#REF!) -> #REF! | UB21: =SUM(UB34,UB47,UB60,UB73,UB86,UB99,#REF!,#REF!,#REF!,#REF!,#REF!,#REF!,#REF!,#REF!,#REF!,#REF!,#REF!) -> #REF! | UC21: =SUM(UC34,UC47,UC60,UC73,UC86,UC99,#REF!,#REF!,#REF!,#REF!,#REF!,#REF!,#REF!,#REF!,#REF!,#REF!,#REF!) -> #REF! | UD21: =SUM(UA21:UB21)-UC21 -> #REF! | UE21: =SUM(UE34,UE47,UE60,UE73,UE86,UE99,#REF!,#REF!,#REF!,#REF!,#REF!,#REF!,#REF!,#REF!,#REF!,#REF!,#REF!) -> #REF! | UF21: =SUM(UF34,UF47,UF60,UF73,UF86,UF99,#REF!,#REF!,#REF!,#REF!,#REF!,#REF!,#REF!,#REF!,#REF!,#REF!,#REF!) -> #REF! | UG21: =SUM(UG34,UG47,UG60,UG73,UG86,UG99,#REF!,#REF!,#REF!,#REF!,#REF!,#REF!,#REF!,#REF!,#REF!,#REF!,#REF!) -> #REF! | UH21: =SUM(UE21:UF21)-UG21 -> #REF! | UI21: =SUM(UI34,UI47,UI60,UI73,UI86,UI99,#REF!,#REF!,#REF!,#REF!,#REF!,#REF!,#REF!,#REF!,#REF!,#REF!,#REF!) -> #REF! | UJ21: =SUM(UJ34,UJ47,UJ60,UJ73,UJ86,UJ99,#REF!,#REF!,#REF!,#REF!,#REF!,#REF!,#REF!,#REF!,#REF!,#REF!,#REF!) -> #REF! | UM21: =SUM(UM34,UM47,UM60,UM73,UM86,UM99,#REF!,#REF!,#REF!,#REF!,#REF!,#REF!,#REF!,#REF!,#REF!,#REF!,#REF!) -> #REF! | UN21: =SUM(UN34,UN47,UN60,UN73,UN86,UN99,#REF!,#REF!,#REF!,#REF!,#REF!,#REF!,#REF!,#REF!,#REF!,#REF!,#REF!) -> #REF! | UO21: =SUM(UM21:UN21) -> #REF! | UP21: =SUM(UP34,UP47,UP60,UP73,UP86,UP99,#REF!,#REF!,#REF!,#REF!,#REF!,#REF!,#REF!,#REF!,#REF!,#REF!,#REF!) -> #REF! | UQ21: =SUM(UQ34,UQ47,UQ60,UQ73,UQ86,UQ99,#REF!,#REF!,#REF!,#REF!,#REF!,#REF!,#REF!,#REF!,#REF!,#REF!,#REF!) -> #REF! | UR21: =SUM(UR34,UR47,UR60,UR73,UR86,UR99,#REF!,#REF!,#REF!,#REF!,#REF!,#REF!,#REF!,#REF!,#REF!,#REF!,#REF!) -> #REF! | US21: =SUM(UP21:UQ21)-UR21 -> #REF! | UT21: =SUM(UT34,UT47,UT60,UT73,UT86,UT99,#REF!,#REF!,#REF!,#REF!,#REF!,#REF!,#REF!,#REF!,#REF!,#REF!,#REF!) -> #REF! | UU21: =SUM(UU34,UU47,UU60,UU73,UU86,UU99,#REF!,#REF!,#REF!,#REF!,#REF!,#REF!,#REF!,#REF!,#REF!,#REF!,#REF!) -> #REF! | UV21: =SUM(UV34,UV47,UV60,UV73,UV86,UV99,#REF!,#REF!,#REF!,#REF!,#REF!,#REF!,#REF!,#REF!,#REF!,#REF!,#REF!) -> #REF! | UW21: =SUM(UT21:UU21)-UV21 -> #REF! | UX21: =SUM(UX34,UX47,UX60,UX73,UX86,UX99,#REF!,#REF!,#REF!,#REF!,#REF!,#REF!,#REF!,#REF!,#REF!,#REF!,#REF!) -> #REF! | UY21: =SUM(UY34,UY47,UY60,UY73,UY86,UY99,#REF!,#REF!,#REF!,#REF!,#REF!,#REF!,#REF!,#REF!,#REF!,#REF!,#REF!) -> #REF! | VB21: =SUM(VB34,VB47,VB60,VB73,VB86,VB99,#REF!,#REF!,#REF!,#REF!,#REF!,#REF!,#REF!,#REF!,#REF!,#REF!,#REF!) -> #REF! | VC21: =SUM(VC34,VC47,VC60,VC73,VC86,VC99,#REF!,#REF!,#REF!,#REF!,#REF!,#REF!,#REF!,#REF!,#REF!,#REF!,#REF!) -> #REF! | VD21: =SUM(VB21:VC21) -> #REF! | VE21: =SUM(VE34,VE47,VE60,VE73,VE86,VE99,#REF!,#REF!,#REF!,#REF!,#REF!,#REF!,#REF!,#REF!,#REF!,#REF!,#REF!) -> #REF! | VF21: =SUM(VF34,VF47,VF60,VF73,VF86,VF99,#REF!,#REF!,#REF!,#REF!,#REF!,#REF!,#REF!,#REF!,#REF!,#REF!,#REF!) -> #REF! | VG21: =SUM(VG34,VG47,VG60,VG73,VG86,VG99,#REF!,#REF!,#REF!,#REF!,#REF!,#REF!,#REF!,#REF!,#REF!,#REF!,#REF!) -> #REF! | VH21: =SUM(VE21:VF21)-VG21 -> #REF! | VI21: =SUM(VI34,VI47,VI60,VI73,VI86,VI99,#REF!,#REF!,#REF!,#REF!,#REF!,#REF!,#REF!,#REF!,#REF!,#REF!,#REF!) -> #REF! | VJ21: =SUM(VJ34,VJ47,VJ60,VJ73,VJ86,VJ99,#REF!,#REF!,#REF!,#REF!,#REF!,#REF!,#REF!,#REF!,#REF!,#REF!,#REF!) -> #REF! | VK21: =SUM(VK34,VK47,VK60,VK73,VK86,VK99,#REF!,#REF!,#REF!,#REF!,#REF!,#REF!,#REF!,#REF!,#REF!,#REF!,#REF!) -> #REF! | VL21: =SUM(VI21:VJ21)-VK21 -> #REF! | VM21: =SUM(VM34,VM47,VM60,VM73,VM86,VM99,#REF!,#REF!,#REF!,#REF!,#REF!,#REF!,#REF!,#REF!,#REF!,#REF!,#REF!) -> #REF! | VN21: =SUM(VN34,VN47,VN60,VN73,VN86,VN99,#REF!,#REF!,#REF!,#REF!,#REF!,#REF!,#REF!,#REF!,#REF!,#REF!,#REF!) -> #REF! | VQ21: =SUM(VQ34,VQ47,VQ60,VQ73,VQ86,VQ99,#REF!,#REF!,#REF!,#REF!,#REF!,#REF!,#REF!,#REF!,#REF!,#REF!,#REF!) -> #REF! | VR21: =SUM(VR34,VR47,VR60,VR73,VR86,VR99,#REF!,#REF!,#REF!,#REF!,#REF!,#REF!,#REF!,#REF!,#REF!,#REF!,#REF!) -> #REF! | VS21: =SUM(VQ21:VR21) -> #REF! | VT21: =SUM(VT34,VT47,VT60,VT73,VT86,VT99,#REF!,#REF!,#REF!,#REF!,#REF!,#REF!,#REF!,#REF!,#REF!,#REF!,#REF!) -> #REF! | VU21: =SUM(VU34,VU47,VU60,VU73,VU86,VU99,#REF!,#REF!,#REF!,#REF!,#REF!,#REF!,#REF!,#REF!,#REF!,#REF!,#REF!) -> #REF! | VV21: =SUM(VV34,VV47,VV60,VV73,VV86,VV99,#REF!,#REF!,#REF!,#REF!,#REF!,#REF!,#REF!,#REF!,#REF!,#REF!,#REF!) -> #REF! | VW21: =SUM(VT21:VU21)-VV21 -> #REF! | VX21: =SUM(VX34,VX47,VX60,VX73,VX86,VX99,#REF!,#REF!,#REF!,#REF!,#REF!,#REF!,#REF!,#REF!,#REF!,#REF!,#REF!) -> #REF! | VY21: =SUM(VY34,VY47,VY60,VY73,VY86,VY99,#REF!,#REF!,#REF!,#REF!,#REF!,#REF!,#REF!,#REF!,#REF!,#REF!,#REF!) -> #REF! | VZ21: =SUM(VZ34,VZ47,VZ60,VZ73,VZ86,VZ99,#REF!,#REF!,#REF!,#REF!,#REF!,#REF!,#REF!,#REF!,#REF!,#REF!,#REF!) -> #REF! | WA21: =SUM(VX21:VY21)-VZ21 -> #REF! | WB21: =SUM(WB34,WB47,WB60,WB73,WB86,WB99,#REF!,#REF!,#REF!,#REF!,#REF!,#REF!,#REF!,#REF!,#REF!,#REF!,#REF!) -> #REF! | WC21: =SUM(WC34,WC47,WC60,WC73,WC86,WC99,#REF!,#REF!,#REF!,#REF!,#REF!,#REF!,#REF!,#REF!,#REF!,#REF!,#REF!) -> #REF!
